contest_name,smd_anc_votes,explicit_candidates,ward_ballots,over_votes,under_votes,ward_anc_votes,anc,smd,year,ward,winner,winner_votes,write_in_votes,smd_ballots
1A01,398,1,35047,NA,NA,24778,A,1,2012,1,LISA KRALOVIC,374,24,NA
1A02,738,2,35047,NA,NA,24778,A,2,2012,1,VICKEY A. WRIGHT-SMITH,432,11,NA
1A03,442,1,35047,NA,NA,24778,A,3,2012,1,STEVE SWANK,406,36,NA
1A04,568,2,35047,NA,NA,24778,A,4,2012,1,LAINA AQUILINE,430,18,NA
1A05,456,1,35047,NA,NA,24778,A,5,2012,1,KEVIN HOLMES,440,16,NA
1A06,725,3,35047,NA,NA,24778,A,6,2012,1,PATRICK W. FLYNN,411,9,NA
1A07,677,1,35047,NA,NA,24778,A,7,2012,1,THOMAS BOISVERT,633,44,NA
1A08,866,1,35047,NA,NA,24778,A,8,2012,1,KENT C. BOESE,852,14,NA
1A09,532,1,35047,NA,NA,24778,A,9,2012,1,BOBBY HOLMES,495,37,NA
1A10,810,2,35047,NA,NA,24778,A,10,2012,1,ANTHONY CIMINO,554,6,NA
1A11,650,2,35047,NA,NA,24778,A,11,2012,1,DOTTI LOVE WADE,429,16,NA
1A12,565,2,35047,NA,NA,24778,A,12,2012,1,ROSALIND M. GILLIAM,322,10,NA
1B01,679,1,35047,NA,NA,24778,B,1,2012,1,MARC MORGAN,655,24,NA
1B02,844,1,35047,NA,NA,24778,B,2,2012,1,JEREMY C. LEFFLER,797,47,NA
1B03,573,1,35047,NA,NA,24778,B,3,2012,1,SEDRICK MUHAMMAD,541,32,NA
1B04,763,1,35047,NA,NA,24778,B,4,2012,1,DEBORAH R. THOMAS,713,50,NA
1B05,586,1,35047,NA,NA,24778,B,5,2012,1,RICARDO A. REINOSO,566,20,NA
1B06,655,1,35047,NA,NA,24778,B,6,2012,1,DYANA FORESTER,628,27,NA
1B07,419,1,35047,NA,NA,24778,B,7,2012,1,JUAN E. LOPEZ,397,22,NA
1B08,674,1,35047,NA,NA,24778,B,8,2012,1,EMILY WASHINGTON,640,34,NA
1B09,616,1,35047,NA,NA,24778,B,9,2012,1,JAMES A. TURNER,555,61,NA
1B10,324,1,35047,NA,NA,24778,B,10,2012,1,TONY NORMAN,307,17,NA
1B11,413,1,35047,NA,NA,24778,B,11,2012,1,E. GAIL ANDERSON HOLNESS,404,9,NA
1B12,906,4,35047,NA,NA,24778,B,12,2012,1,ZAHRA JILANI,329,16,NA
1C01,847,3,35047,NA,NA,24778,C,1,2012,1,BRIAN HART,420,11,NA
1C02,819,1,35047,NA,NA,24778,C,2,2012,1,"MARTIS ""MARTY"" DAVIS",761,58,NA
1C03,795,2,35047,NA,NA,24778,C,3,2012,1,TED GUTHRIE,511,25,NA
1C04,900,1,35047,NA,NA,24778,C,4,2012,1,GABRIELA MOSSI,879,21,NA
1C05,750,1,35047,NA,NA,24778,C,5,2012,1,ELHAM DEHBOZORGI,715,35,NA
1C06,697,2,35047,NA,NA,24778,C,6,2012,1,WILLIAM (BILLY) SIMPSON,494,20,NA
1C07,684,1,35047,NA,NA,24778,C,7,2012,1,WILSON REYNOLDS,647,37,NA
1C08,736,1,35047,NA,NA,24778,C,8,2012,1,JIMMY R. ROCK,708,28,NA
1D01,845,2,35047,NA,NA,24778,D,1,2012,1,YASMIN ROMERO-CASTILLO,466,11,NA
1D02,489,1,35047,NA,NA,24778,D,2,2012,1,ADAM HOEY,464,25,NA
1D03,914,1,35047,NA,NA,24778,D,3,2012,1,JACK MCKAY,856,58,NA
1D04,493,1,35047,NA,NA,24778,D,4,2012,1,PHIL GREINER,473,20,NA
1D05,930,2,35047,NA,NA,24778,D,5,2012,1,CHINA TERRELL,540,20,NA
2A01,238,2,29886,NA,NA,19859,A,1,2012,2,PATRICK KENNEDY,162,6,NA
2A02,514,1,29886,NA,NA,19859,A,2,2012,2,REBECCA CODER,505,9,NA
2A03,463,1,29886,NA,NA,19859,A,3,2012,2,ASHER CORSON,436,27,NA
2A04,462,1,29886,NA,NA,19859,A,4,2012,2,ARMANDO IRIZARRY,452,10,NA
2A05,251,1,29886,NA,NA,19859,A,5,2012,2,GRAHAM MICHAEL GALKA,243,8,NA
2A06,397,1,29886,NA,NA,19859,A,6,2012,2,FLORENCE HARMON,386,11,NA
2A07,200,1,29886,NA,NA,19859,A,7,2012,2,JACKSON CARNES,190,10,NA
2A08,47,0,29886,NA,NA,19859,A,8,2012,2,WRITE-IN,47,47,NA
2B01,647,1,29886,NA,NA,19859,B,1,2012,2,MIKE FELDSTEIN,631,16,NA
2B02,519,1,29886,NA,NA,19859,B,2,2012,2,KEVIN O'CONNOR,512,7,NA
2B03,612,2,29886,NA,NA,19859,B,3,2012,2,STEPHANIE MALTZ,483,16,NA
2B04,909,3,29886,NA,NA,19859,B,4,2012,2,KISHAN PUTTA,563,10,NA
2B05,642,1,29886,NA,NA,19859,B,5,2012,2,VICTOR WEXLER,530,112,NA
2B06,601,1,29886,NA,NA,19859,B,6,2012,2,MIKE SILVERSTEIN,586,15,NA
2B07,787,1,29886,NA,NA,19859,B,7,2012,2,LEO DWYER,735,52,NA
2B08,816,1,29886,NA,NA,19859,B,8,2012,2,WILL STEPHENS,798,18,NA
2B09,771,1,29886,NA,NA,19859,B,9,2012,2,NOAH SMITH,743,28,NA
2C01,370,1,29886,NA,NA,19859,C,1,2012,2,JOHN TINPE,357,13,NA
2C02,510,1,29886,NA,NA,19859,C,2,2012,2,HAROLD A. CLOSTER,499,11,NA
2C03,530,1,29886,NA,NA,19859,C,3,2012,2,KEVIN WILSEY,521,9,NA
2D01,528,1,29886,NA,NA,19859,D,1,2012,2,DAVID R. BENDER,513,15,NA
2D02,460,1,29886,NA,NA,19859,D,2,2012,2,ERIC LAMAR,447,13,NA
20,563,1,29886,NA,NA,19859,E,1,2012,2,ED SOLOMON,543,20,NA
200,496,1,29886,NA,NA,19859,E,2,2012,2,RON LEWIS,477,19,NA
2000,467,1,29886,NA,NA,19859,E,3,2012,2,JEFFREY JONES,446,21,NA
20000,10,0,29886,NA,NA,19859,E,4,2012,2,WRITE-IN,10,10,NA
200000,351,1,29886,NA,NA,19859,E,5,2012,2,BILL STARRELS,335,16,NA
2000000,660,1,29886,NA,NA,19859,E,6,2012,2,TOM BIRCH,643,17,NA
20000000,578,1,29886,NA,NA,19859,E,7,2012,2,CHARLES F. EASON JR,555,23,NA
200000000,259,1,29886,NA,NA,19859,E,8,2012,2,PETER PRINDIVILLE,243,16,NA
2F01,742,1,29886,NA,NA,19859,F,1,2012,2,PETER LALLAS,707,35,NA
2F02,722,3,29886,NA,NA,19859,F,2,2012,2,WALT CAIN,335,8,NA
2F03,805,1,29886,NA,NA,19859,F,3,2012,2,CHRIS LINN,776,29,NA
2F04,692,2,29886,NA,NA,19859,F,4,2012,2,JOHN FANNING,359,12,NA
2F05,522,1,29886,NA,NA,19859,F,5,2012,2,JIM LAMARE,506,16,NA
2F06,697,1,29886,NA,NA,19859,F,6,2012,2,GREG MELCHER,679,18,NA
2F07,486,1,29886,NA,NA,19859,F,7,2012,2,MATT RAYMOND,470,16,NA
2F08,535,2,29886,NA,NA,19859,F,8,2012,2,MATTHEW CONNOLLY,283,12,NA
3B01,687,1,39051,NA,NA,26469,B,1,2012,3,JOE FIORILLO,673,14,NA
3B02,650,1,39051,NA,NA,26469,B,2,2012,3,JACKIE BLUMENTHAL,622,28,NA
3B03,687,1,39051,NA,NA,26469,B,3,2012,3,CHARLES CINQUE FULWOOD,660,27,NA
3B04,824,1,39051,NA,NA,26469,B,4,2012,3,MARY C. YOUNG,801,23,NA
3B05,733,1,39051,NA,NA,26469,B,5,2012,3,BRIAN A. COHEN,692,41,NA
3C01,804,1,39051,NA,NA,26469,C,1,2012,3,LEE BRIAN REBA,781,23,NA
3C02,751,2,39051,NA,NA,26469,C,2,2012,3,GWENDOLYN BOLE,546,9,NA
3C03,812,2,39051,NA,NA,26469,C,3,2012,3,JEFFREY KALIEL,471,28,NA
3C04,615,1,39051,NA,NA,26469,C,4,2012,3,RICHARD STEACY,594,21,NA
3C05,886,1,39051,NA,NA,26469,C,5,2012,3,MARGARET A. SIEGEL,856,30,NA
3C06,784,1,39051,NA,NA,26469,C,6,2012,3,CARL ROLLER,757,27,NA
3C07,676,1,39051,NA,NA,26469,C,7,2012,3,VICTOR SILVEIRA,654,22,NA
3C08,719,1,39051,NA,NA,26469,C,8,2012,3,CATHERINE MAY,687,32,NA
3C09,784,1,39051,NA,NA,26469,C,9,2012,3,NANCY J. MACWOOD,755,29,NA
3D01,957,2,39051,NA,NA,26469,D,1,2012,3,KENT SLOWINSKI,531,7,NA
3D02,448,1,39051,NA,NA,26469,D,2,2012,3,TOM SMITH,429,19,NA
3D03,643,1,39051,NA,NA,26469,D,3,2012,3,NAN S. WELLS,619,24,NA
3D04,757,1,39051,NA,NA,26469,D,4,2012,3,STU ROSS,721,36,NA
3D05,583,2,39051,NA,NA,26469,D,5,2012,3,W. PHILIP THOMAS,355,50,NA
3D06,193,0,39051,NA,NA,26469,D,6,2012,3,WRITE-IN,193,193,NA
3D07,54,0,39051,NA,NA,26469,D,7,2012,3,WRITE-IN,54,54,NA
3D08,505,1,39051,NA,NA,26469,D,8,2012,3,MICHAEL GOLD,473,32,NA
3D09,749,2,39051,NA,NA,26469,D,9,2012,3,GAYLE TROTTER,686,12,NA
3D10,253,2,39051,NA,NA,26469,D,10,2012,3,JOE WISNIEWSKI,165,0,NA
30,754,1,39051,NA,NA,26469,E,1,2012,3,ELIZABETH S. HAILE,719,35,NA
300,828,1,39051,NA,NA,26469,E,2,2012,3,MATTHEW FRUMIN,804,24,NA
3000,729,1,39051,NA,NA,26469,E,3,2012,3,JONATHAN BENDER,688,41,NA
30000,815,1,39051,NA,NA,26469,E,4,2012,3,TOM QUINN,767,48,NA
300000,517,1,39051,NA,NA,26469,E,5,2012,3,SAMUEL J. SEREBIN,474,43,NA
3F01,621,1,39051,NA,NA,26469,F,1,2012,3,ADAM SCOTT TOPE,604,17,NA
3F02,686,1,39051,NA,NA,26469,F,2,2012,3,KAREN LEE PERRY,665,21,NA
3F03,782,1,39051,NA,NA,26469,F,3,2012,3,MARY BETH RAY,746,36,NA
3F04,550,2,39051,NA,NA,26469,F,4,2012,3,SALLY W. GRESHAM,440,7,NA
3F05,812,2,39051,NA,NA,26469,F,5,2012,3,MANOLIS R. PRINIOTAKIS,581,5,NA
3F06,696,1,39051,NA,NA,26469,F,6,2012,3,DAVID SOLORZANO LOWELL,661,35,NA
3F07,719,1,39051,NA,NA,26469,F,7,2012,3,BOB SUMMERSGILL,703,16,NA
3G01,916,1,NA,NA,NA,NA,G,1,2012,3,"CAROLYN ""CALLIE"" COOK",898,18,NA
3G02,820,1,NA,NA,NA,NA,G,2,2012,3,GARY THOMPSON,790,30,NA
3G03,732,1,NA,NA,NA,NA,G,3,2012,3,RANDY SPECK,702,30,NA
3G04,857,1,NA,NA,NA,NA,G,4,2012,3,ALLEN E. BEACH,824,33,NA
3G05,860,1,39051,NA,NA,26469,G,5,2012,3,DAVID ENGEL,822,38,NA
3G06,696,1,39051,NA,NA,26469,G,6,2012,3,JIM MCCARTHY,680,16,NA
3G07,745,3,39051,NA,NA,26469,G,7,2012,3,HENRY GRIFFIN,277,6,NA
4A01,185,0,39308,NA,NA,26482,A,1,2012,4,WRITE-IN,185,185,NA
4A02,1139,1,39308,NA,NA,26482,A,2,2012,4,DWAYNE M. TOLIVER,1113,26,NA
4A03,688,1,39308,NA,NA,26482,A,3,2012,4,"STEPHEN A. ""STEVE"" WHATLEY",680,8,NA
4A04,783,1,39308,NA,NA,26482,A,4,2012,4,MARIAN C. BENNETT,763,20,NA
4A05,62,0,39308,NA,NA,26482,A,5,2012,4,WRITE-IN,62,62,NA
4A06,426,1,39308,NA,NA,26482,A,6,2012,4,KARRYE Y. BRAXTON,416,10,NA
4A07,679,1,39308,NA,NA,26482,A,7,2012,4,DAVE WILSON,663,16,NA
4A08,1043,1,39308,NA,NA,26482,A,8,2012,4,GALE BLACK,1018,25,NA
4B01,979,2,39308,NA,NA,26482,B,1,2012,4,SARA GREEN,766,10,NA
4B02,868,1,39308,NA,NA,26482,B,2,2012,4,FAITH E. WHEELER,835,33,NA
4B03,986,1,39308,NA,NA,26482,B,3,2012,4,FRED GRANT,964,22,NA
4B04,1017,3,39308,NA,NA,26482,B,4,2012,4,BRENDA DAWSON PARKS,601,20,NA
4B05,689,1,39308,NA,NA,26482,B,5,2012,4,BRENDA SPEAKS,666,23,NA
4B06,934,1,39308,NA,NA,26482,B,6,2012,4,RONALD (RON) AUSTIN,912,22,NA
4B07,1048,2,39308,NA,NA,26482,B,7,2012,4,JUDI JONES,651,18,NA
4B08,991,1,39308,NA,NA,26482,B,8,2012,4,YVONNE A. JEFFERSON,973,18,NA
4B09,124,0,39308,NA,NA,26482,B,9,2012,4,WRITE-IN,124,124,NA
4C01,733,1,39308,NA,NA,26482,C,1,2012,4,MICHAEL YATES,716,17,NA
4C02,903,1,39308,NA,NA,26482,C,2,2012,4,JANET M. MYERS,878,25,NA
4C03,759,1,39308,NA,NA,26482,C,3,2012,4,JEFF STANDISH,736,23,NA
4C04,382,1,39308,NA,NA,26482,C,4,2012,4,RICKEY WILLIAMS JR,368,14,NA
4C05,524,1,39308,NA,NA,26482,C,5,2012,4,JOSEPH M. VAUGHAN,512,12,NA
4C06,660,2,39308,NA,NA,26482,C,6,2012,4,VANN-DI GALLOWAY,447,15,NA
4C07,852,1,39308,NA,NA,26482,C,7,2012,4,SHANEL O. ANTHONY,829,23,NA
4C08,823,1,39308,NA,NA,26482,C,8,2012,4,TIMOTHY A. JONES,795,28,NA
4C09,832,2,39308,NA,NA,26482,C,9,2012,4,ZACHARY HARTMAN,454,21,NA
4C10,192,0,39308,NA,NA,26482,C,10,2012,4,WRITE-IN,192,192,NA
4D01,576,2,39308,NA,NA,26482,D,1,2012,4,LAMONT AKINS,402,6,NA
4D02,906,1,39308,NA,NA,26482,D,2,2012,4,RENEE L. BOWSER,895,11,NA
4D03,917,1,39308,NA,NA,26482,D,3,2012,4,LISA COLBERT,907,10,NA
4D04,733,1,39308,NA,NA,26482,D,4,2012,4,DONNA BROCKINGTON,717,16,NA
4D05,102,0,39308,NA,NA,26482,D,5,2012,4,WRITE-IN,102,102,NA
4D06,727,1,39308,NA,NA,26482,D,6,2012,4,BILL QUIRK,698,29,NA
5A01,1231,2,38160,NA,NA,30531,A,1,2012,5,FRANK WILDS,627,9,NA
5A02,970,1,38160,NA,NA,30531,A,2,2012,5,MICHAEL WILLIAMS,948,22,NA
5A03,1057,1,38160,NA,NA,30531,A,3,2012,5,ADRIAN JORDAN,1028,29,NA
5A04,4,0,38160,NA,NA,30531,A,4,2012,5,WRITE-IN,4,4,NA
5A05,402,2,38160,NA,NA,30531,A,5,2012,5,RONNIE EDWARDS,218,4,NA
5A06,823,2,38160,NA,NA,30531,A,6,2012,5,"ALBRETTE ""GIGI"" RANSOM",453,11,NA
5A07,466,1,38160,NA,NA,30531,A,7,2012,5,"SANDRA ""SANDI"" WASHINGTON",453,13,NA
5A08,932,1,38160,NA,NA,30531,A,8,2012,5,ANGEL SHERRI ALSTON,908,24,NA
5B01,1230,4,38160,NA,NA,30531,B,1,2012,5,SHIRLEY RIVENS SMITH,378,13,NA
5B02,953,1,38160,NA,NA,30531,B,2,2012,5,URSULA HIGGINS,910,43,NA
5B03,983,1,38160,NA,NA,30531,B,3,2012,5,TIFFANY BRIDGE,927,56,NA
5B04,957,3,38160,NA,NA,30531,B,4,2012,5,CAROLYN C. STEPTOE,515,9,NA
5B05,981,2,38160,NA,NA,30531,B,5,2012,5,JENESE L. JONES,540,21,NA
5C01,1034,2,38160,NA,NA,30531,C,1,2012,5,ANTONETTE E. RUSSELL,675,28,NA
5C02,845,2,38160,NA,NA,30531,C,2,2012,5,KARLA BUTLER,568,12,NA
5C03,1160,2,38160,NA,NA,30531,C,3,2012,5,BOB KING,713,6,NA
5C04,809,2,38160,NA,NA,30531,C,4,2012,5,JACQUELINE MANNING,418,23,NA
5C05,895,2,38160,NA,NA,30531,C,5,2012,5,REGINA JAMES,567,15,NA
5C06,705,2,38160,NA,NA,30531,C,6,2012,5,MARJORIE D. THOMAS-BARNES,434,15,NA
5C07,988,3,38160,NA,NA,30531,C,7,2012,5,NOLAN TREADWAY,431,15,NA
5D01,364,1,38160,NA,NA,30531,D,1,2012,5,PETA-GAY S. LEWIS,328,36,NA
5D02,736,1,38160,NA,NA,30531,D,2,2012,5,VONETTA DUMAS,685,51,NA
5D03,691,1,38160,NA,NA,30531,D,3,2012,5,INDIA A. HENDERSON,657,34,NA
5D04,477,1,38160,NA,NA,30531,D,4,2012,5,BERNICE S BLACKNELL,456,21,NA
5D05,721,3,38160,NA,NA,30531,D,5,2012,5,KATHY HENDERSON,393,4,NA
5D06,817,1,38160,NA,NA,30531,D,6,2012,5,TINA LASKARIS,778,39,NA
5D07,840,2,38160,NA,NA,30531,D,7,2012,5,DAVID HOOPER,530,12,NA
50,625,2,38160,NA,NA,30531,E,1,2012,5,DEBBIE SMITH-STEINER,378,28,NA
500,588,3,38160,NA,NA,30531,E,2,2012,5,CHRISTY 'LOVE' DAVIS,360,8,NA
5000,845,1,38160,NA,NA,30531,E,3,2012,5,TIM CLARK,813,32,NA
50000,990,2,38160,NA,NA,30531,E,4,2012,5,SYLVIA M. PINKNEY,678,17,NA
500000,889,2,38160,NA,NA,30531,E,5,2012,5,JOYCE ROBINSON-PAUL,459,25,NA
5000000,908,3,38160,NA,NA,30531,E,6,2012,5,"TERI JANINE ""TJ"" QUINN",431,8,NA
50000000,919,3,38160,NA,NA,30531,E,7,2012,5,WANDA B. FOSTER,380,24,NA
500000000,819,1,38160,NA,NA,30531,E,8,2012,5,MARK MUELLER,784,35,NA
5000000000,931,3,38160,NA,NA,30531,E,9,2012,5,C. DIANNE BARNES,365,16,NA
50000000000,946,2,38160,NA,NA,30531,E,10,2012,5,ANGELA C. BLANKS,481,12,NA
6A01,907,1,44593,NA,NA,33850,A,1,2012,6,J. OMAR MAHMUD,842,65,NA
6A02,943,2,44593,NA,NA,33850,A,2,2012,6,GLORIA NAUDEN,469,13,NA
6A03,978,1,44593,NA,NA,33850,A,3,2012,6,DAVID HOLMES,952,26,NA
6A04,996,1,44593,NA,NA,33850,A,4,2012,6,NICK ALBERTI,905,91,NA
6A05,970,1,44593,NA,NA,33850,A,5,2012,6,JAY WILLIAMS,915,55,NA
6A06,908,2,44593,NA,NA,33850,A,6,2012,6,ANDREW J HYSELL,552,51,NA
6A07,848,2,44593,NA,NA,33850,A,7,2012,6,SONDRA PHILLIPS-GILBERT,463,6,NA
6A08,952,2,44593,NA,NA,33850,A,8,2012,6,CALVIN WARD,483,119,NA
6B01,697,1,44593,NA,NA,33850,B,1,2012,6,DAVE GARRISON,656,41,NA
6B02,1011,2,44593,NA,NA,33850,B,2,2012,6,IVAN FRISHBERG,624,10,NA
6B03,1052,2,44593,NA,NA,33850,B,3,2012,6,PHILIP PEISCH,675,17,NA
6B04,823,1,44593,NA,NA,33850,B,4,2012,6,KIRSTEN OLDENBURG,730,93,NA
6B05,1132,2,44593,NA,NA,33850,B,5,2012,6,BRIAN PATE,643,8,NA
6B06,1148,3,44593,NA,NA,33850,B,6,2012,6,NICHOLE OPKINS,638,15,NA
6B07,759,1,44593,NA,NA,33850,B,7,2012,6,SARA LOVELAND,727,32,NA
6B08,878,1,44593,NA,NA,33850,B,8,2012,6,CHANDER JAYARAMAN,822,56,NA
6B09,1100,1,44593,NA,NA,33850,B,9,2012,6,BRIAN FLAHAVEN,1072,28,NA
6B10,966,1,44593,NA,NA,33850,B,10,2012,6,FRANCIS M. CAMPBELL,931,35,NA
6C01,698,1,44593,NA,NA,33850,C,1,2012,6,DANIELE MEGAN SCHIFFMAN,677,21,NA
6C02,494,1,44593,NA,NA,33850,C,2,2012,6,KAREN J. WIRT,459,35,NA
6C03,839,1,44593,NA,NA,33850,C,3,2012,6,JOHN SCOTT PRICE,806,33,NA
6C04,741,1,44593,NA,NA,33850,C,4,2012,6,MARK ECKENWILER,707,34,NA
6C05,800,1,44593,NA,NA,33850,C,5,2012,6,MARK KAZMIERCZAK,755,45,NA
6C06,1414,2,44593,NA,NA,33850,C,6,2012,6,TONY T GOODMAN,763,12,NA
6D01,970,1,44593,NA,NA,33850,D,1,2012,6,DONNA L HOPKINS,937,33,NA
6D02,1074,2,44593,NA,NA,33850,D,2,2012,6,ED KAMINSKI,573,43,NA
6D03,776,1,44593,NA,NA,33850,D,3,2012,6,RON MCBEE,729,47,NA
6D04,881,1,NA,NA,NA,NA,D,4,2012,6,ANDY LITSKY,846,35,NA
6D05,918,2,44593,NA,NA,33850,D,5,2012,6,ROGER MOFFATT,545,10,NA
6D06,839,1,44593,NA,NA,33850,D,6,2012,6,RHONDA N. HAMILTON,807,32,NA
6D07,854,1,44593,NA,NA,33850,D,7,2012,6,DAVID GARBER,808,46,NA
60,803,2,44593,NA,NA,33850,E,1,2012,6,"ALEXANDER M. ""ALEX"" PADRO",525,10,NA
600,951,4,44593,NA,NA,33850,E,2,2012,6,KEVIN L CHAPPLE,330,7,NA
6000,758,2,44593,NA,NA,33850,E,3,2012,6,FRANK S. WIGGINS,461,16,NA
60000,1134,2,44593,NA,NA,33850,E,4,2012,6,RACHELLE P. NIGRO,681,26,NA
600000,728,2,44593,NA,NA,33850,E,5,2012,6,MARGE MACEDA,370,10,NA
6000000,560,1,44593,NA,NA,33850,E,6,2012,6,MARK DIXON,546,14,NA
60000000,550,2,44593,NA,NA,33850,E,7,2012,6,ALFREDA S. JUDD,287,11,NA
7B01,801,1,36248,NA,NA,25417,B,1,2012,7,PATRICIA HOWARD-CHITTAMS,780,21,NA
7B02,898,1,36248,NA,NA,25417,B,2,2012,7,ZINA D. WILLIAMS,882,16,NA
7B03,109,0,36248,NA,NA,25417,B,3,2012,7,WRITE-IN,109,109,NA
7B04,1204,1,36248,NA,NA,25417,B,4,2012,7,PHILLIP J. HAMMOND,1172,32,NA
7B05,837,1,36248,NA,NA,25417,B,5,2012,7,ROBIN HAMMOND MARLIN,820,17,NA
7B06,1058,1,36248,NA,NA,25417,B,6,2012,7,ROBERT A. JORDAN,1027,31,NA
7B07,1080,1,36248,NA,NA,25417,B,7,2012,7,ROBERT T. (BOB) RICHARDS,1055,25,NA
7C01,639,1,36248,NA,NA,25417,C,1,2012,7,PATRICIA A. MALLOY,628,11,NA
7C02,733,1,36248,NA,NA,25417,C,2,2012,7,GREGORI STEWART,722,11,NA
7C03,816,1,36248,NA,NA,25417,C,3,2012,7,CATHERINE A. WOODS,800,16,NA
7C04,807,1,36248,NA,NA,25417,C,4,2012,7,WALTER J. GARCIA II,790,17,NA
7C05,778,1,36248,NA,NA,25417,C,5,2012,7,MARY L. GAFFNEY,752,26,NA
7C06,735,1,36248,NA,NA,25417,C,6,2012,7,SHERRIE LAWSON,724,11,NA
7C07,862,4,36248,NA,NA,25417,C,7,2012,7,ANTAWAN HOLMES,445,5,NA
7D01,986,2,36248,NA,NA,25417,D,1,2012,7,LISA WHITE,672,4,NA
7D02,97,0,36248,NA,NA,25417,D,2,2012,7,WRITE-IN,97,97,NA
7D03,631,1,36248,NA,NA,25417,D,3,2012,7,DONNA R. MUHAMMAD,619,12,NA
7D04,1079,1,36248,NA,NA,25417,D,4,2012,7,JO-ANNE PRUE,1054,25,NA
7D05,819,3,36248,NA,NA,25417,D,5,2012,7,JANIS D. HAZEL,337,20,NA
7D06,888,2,36248,NA,NA,25417,D,6,2012,7,ERICKA S. BLACK,649,5,NA
7D07,783,1,36248,NA,NA,25417,D,7,2012,7,WILLIE WOODS JR.,772,11,NA
70,959,1,36248,NA,NA,25417,E,1,2012,7,GEORGE B. BROWNE JR,916,43,NA
700,1026,2,36248,NA,NA,25417,E,2,2012,7,LINDA S. GREEN,562,15,NA
7000,672,2,36248,NA,NA,25417,E,3,2012,7,ROSA A. HAMLETT,464,22,NA
70000,773,2,36248,NA,NA,25417,E,4,2012,7,MARY D. JACKSON,481,15,NA
700000,596,1,36248,NA,NA,25417,E,5,2012,7,JEAN M. MCVEA,571,25,NA
7000000,137,0,36248,NA,NA,25417,E,6,2012,7,WRITE-IN,137,137,NA
70000000,825,2,36248,NA,NA,25417,E,7,2012,7,WENDELL FELDER,476,25,NA
7F01,807,1,36248,NA,NA,25417,F,1,2012,7,EVIE L. WASHINGTON,789,18,NA
7F02,993,1,36248,NA,NA,25417,F,2,2012,7,EBONI-ROSE THOMPSON,962,31,NA
7F03,657,1,36248,NA,NA,25417,F,3,2012,7,SHEILA M CARSON CARR,641,16,NA
7F04,612,1,36248,NA,NA,25417,F,4,2012,7,CHARLENE EXUM,601,11,NA
7F05,650,2,36248,NA,NA,25417,F,5,2012,7,KAREN SETTLES,448,3,NA
7F06,64,0,36248,NA,NA,25417,F,6,2012,7,WRITE-IN,64,64,NA
7F07,6,0,36248,NA,NA,25417,F,7,2012,7,WRITE-IN,6,6,NA
8A01,971,1,32521,NA,NA,19039,A,1,2012,8,HOLLY MUHAMMAD,935,36,NA
8A02,1046,2,32521,NA,NA,19039,A,2,2012,8,BARBARA J. CLARK,799,47,NA
8A03,886,1,32521,NA,NA,19039,A,3,2012,8,L. YVONNE (L.Y.) MOORE,834,52,NA
8A04,518,1,32521,NA,NA,19039,A,4,2012,8,MOSES SMITH,479,39,NA
8A05,847,2,32521,NA,NA,19039,A,5,2012,8,CHARLES E. WILSON,539,11,NA
8A06,1013,3,32521,NA,NA,19039,A,6,2012,8,KENDALL J. GRAHAM,441,19,NA
8A07,834,1,32521,NA,NA,19039,A,7,2012,8,NATALIE WILLIAMS,806,28,NA
8B01,749,1,32521,NA,NA,19039,B,1,2012,8,KHADIJAH WATSON,741,8,NA
8B02,71,0,32521,NA,NA,19039,B,2,2012,8,WRITE-IN,71,71,NA
8B03,819,1,32521,NA,NA,19039,B,3,2012,8,CHARLES H. WILSON,783,36,NA
8B04,713,2,32521,NA,NA,19039,B,4,2012,8,ANTHONY LORENZO,492,12,NA
8B05,480,1,32521,NA,NA,19039,B,5,2012,8,BETTY SCIPPIO,465,15,NA
8B06,505,1,32521,NA,NA,19039,B,6,2012,8,MITCHELL G. HAWKINS III,490,15,NA
8B07,428,1,32521,NA,NA,19039,B,7,2012,8,LOUISE THORNE,406,22,NA
8C01,61,0,32521,NA,NA,19039,C,1,2012,8,WRITE-IN,61,61,NA
8C02,699,3,32521,NA,NA,19039,C,2,2012,8,ALICIA FREMLING,282,12,NA
8C03,805,2,32521,NA,NA,19039,C,3,2012,8,MARY J. CUTHBERT,535,7,NA
8C04,77,0,32521,NA,NA,19039,C,4,2012,8,WRITE-IN,77,77,NA
8C05,361,1,32521,NA,NA,19039,C,5,2012,8,LLOYD T. LOGAN,351,10,NA
8C06,68,0,32521,NA,NA,19039,C,6,2012,8,WRITE-IN,68,68,NA
8C07,723,1,32521,NA,NA,19039,C,7,2012,8,PHO PALMER,704,19,NA
8D01,720,1,32521,NA,NA,19039,D,1,2012,8,PATRICIA PAT CARMON,696,24,NA
8D02,735,1,32521,NA,NA,19039,D,2,2012,8,OLIVIA L. HENDERSON,716,19,NA
8D03,570,1,32521,NA,NA,19039,D,3,2012,8,"ABSALOM ""AB"" JORDAN",555,15,NA
8D04,483,1,32521,NA,NA,19039,D,4,2012,8,M. JAY LEE,475,8,NA
8D05,71,0,32521,NA,NA,19039,D,5,2012,8,WRITE-IN,71,71,NA
8D06,840,1,32521,NA,NA,19039,D,6,2012,8,THEA DYSON,818,22,NA
8D07,463,1,32521,NA,NA,19039,D,7,2012,8,THERESA H. JONES,451,12,NA
80,88,0,32521,NA,NA,19039,E,1,2012,8,WRITE-IN,88,88,NA
800,705,1,32521,NA,NA,19039,E,2,2012,8,ANTHONY MUHAMMAD,686,19,NA
8000,35,0,32521,NA,NA,19039,E,3,2012,8,WRITE-IN,35,35,NA
80000,117,0,32521,NA,NA,19039,E,4,2012,8,WRITE-IN,117,117,NA
800000,64,0,32521,NA,NA,19039,E,5,2012,8,WRITE-IN,64,64,NA
8000000,624,1,32521,NA,NA,19039,E,6,2012,8,KARLENE (K.) ARMSTEAD,604,20,NA
80000000,850,1,32521,NA,NA,19039,E,7,2012,8,SANDRA (SV) WILLIAMS,817,33,NA
1A01,239,2,22616,0,94,22616,A,1,2014,1,MARVIN L. JOHNSON,168,5,333
1A02,422,1,22616,0,194,22616,A,2,2014,1,JOSUE SALMERON,399,23,616
1A03,51,1,22616,0,362,22616,A,3,2014,1,WRITE-IN,51,51,413
1A04,386,2,22616,0,190,22616,A,4,2014,1,MATTHEW GOLDSCHMIDT,254,8,576
1A05,82,1,22616,0,313,22616,A,5,2014,1,WRITE-IN,82,82,395
1A06,423,1,22616,0,131,22616,A,6,2014,1,PATRICK W. FLYNN,406,17,554
1A07,457,1,22616,1,189,22616,A,7,2014,1,DARWAIN FROST,426,31,647
1A08,601,1,22616,0,193,22616,A,8,2014,1,KENT BOESE,586,15,794
1A09,363,2,22616,0,80,22616,A,9,2014,1,BOBBY HOLMES,209,6,443
1A10,505,1,22616,0,99,22616,A,10,2014,1,RASHIDA BROWN,481,24,604
1A11,333,1,22616,0,159,22616,A,11,2014,1,DOTTI LOVE WADE,307,26,492
1A12,308,2,22616,0,151,22616,A,12,2014,1,MARGARET HUNDLEY,186,5,459
1B01,544,1,22616,0,152,22616,B,1,2014,1,BRIAN FOOTER,520,24,696
1B02,598,2,22616,0,274,22616,B,2,2014,1,ELLEN NEDROW SULLIVAN,384,25,872
1B03,425,2,22616,0,143,22616,B,3,2014,1,SEDRICK MUHAMMAD,221,6,568
1B04,538,1,22616,0,226,22616,B,4,2014,1,KEVIN CAIN,511,27,764
1B05,422,1,22616,0,196,22616,B,5,2014,1,NICOLAS FERREYROS,404,18,618
1B06,419,2,22616,0,163,22616,B,6,2014,1,DYANA NM FORESTER,204,12,582
1B07,247,2,22616,0,56,22616,B,7,2014,1,JESSICA LAURA SMITH,141,4,303
1B08,374,1,22616,0,203,22616,B,8,2014,1,MARK RANSLEM,350,24,577
1B09,442,1,22616,0,138,22616,B,9,2014,1,JAMES A. TURNER,412,30,580
1B10,115,2,22616,0,33,22616,B,10,2014,1,ALLYSON N. CARPENTER,79,3,148
1B11,225,1,22616,0,88,22616,B,11,2014,1,ROBB HUDSON,209,16,313
1B12,657,2,22616,0,158,22616,B,12,2014,1,JOHN C. GREEN,393,7,815
1C01,554,1,22616,0,258,22616,C,1,2014,1,SAMANTHA P. HICKS,533,21,812
1C02,609,1,22616,0,258,22616,C,2,2014,1,HECTOR HUEZO,595,14,867
1C03,549,1,22616,0,242,22616,C,3,2014,1,TED GUTHRIE,526,23,791
1C04,608,1,22616,0,185,22616,C,4,2014,1,GABRIELA MOSSI,594,14,793
1C05,422,1,22616,0,224,22616,C,5,2014,1,ALAN GAMBRELL,397,25,646
1C06,457,1,22616,0,209,22616,C,6,2014,1,WILLIAM (BILLY) SIMPSON,437,20,666
1C07,476,1,22616,0,156,22616,C,7,2014,1,WILSON REYNOLDS,444,32,632
1C08,154,1,22616,0,547,22616,C,8,2014,1,WRITE-IN,154,154,701
1D01,601,1,22616,0,238,22616,D,1,2014,1,FRANKO FRANK O. AGBRO,555,46,839
1D02,279,1,22616,0,124,22616,D,2,2014,1,ADAM HOEY,259,20,403
1D03,729,1,22616,0,173,22616,D,3,2014,1,JACK McKAY,675,54,902
1D04,381,1,22616,0,167,22616,D,4,2014,1,ROSA RIVAS,353,28,548
1D05,586,2,22616,0,268,22616,D,5,2014,1,ARTURO GRIFFITHS,291,25,854
2A01,90,1,17588,0,16,17586,A,1,2014,2,PATRICK KENNEDY,83,7,106
2A02,332,1,17588,0,115,17586,A,2,2014,2,REBECCA CODER,321,11,447
2A03,89,1,17588,0,285,17586,A,3,2014,2,WRITE-IN,89,89,374
2A04,455,2,17588,0,64,17586,A,4,2014,2,WILLIAM K. SMITH,257,2,519
2A05,138,2,17588,0,52,17586,A,5,2014,2,PHILIP J. SCHREFER,87,4,190
2A06,191,1,17588,0,94,17586,A,6,2014,2,FLORENCE E. HARMON,185,6,285
2A07,104,1,17588,0,24,17586,A,7,2014,2,JACKSON CARNES,95,9,128
2A08,27,1,17588,0,59,17586,A,8,2014,2,WRITE-IN,27,27,86
2B01,462,1,17588,0,173,17586,B,1,2014,2,MIKE FELDSTEIN,431,31,635
2B02,302,2,17588,0,112,17586,B,2,2014,2,DANIEL WARWICK,182,5,414
2B03,424,1,17588,0,175,17586,B,3,2014,2,STEPHANIE MALTZ,403,21,599
2B04,543,1,17588,0,259,17586,B,4,2014,2,MICHAEL UPRIGHT,515,28,802
2B05,464,2,17588,0,149,17586,B,5,2014,2,ABIGAIL C. NICHOLS,233,2,613
2B06,399,1,17588,0,149,17586,B,6,2014,2,MIKE SILVERSTEIN,387,12,548
2B07,486,1,17588,1,201,17586,B,7,2014,2,JUSTINE UNDERHILL,462,24,688
2B08,514,2,17588,0,215,17586,B,8,2014,2,NICOLE MANN,297,10,729
2B09,652,2,17588,1,118,17586,B,9,2014,2,NOAH SMITH,429,6,771
2C01,290,1,17588,0,138,17586,C,1,2014,2,JOHN TINPE,276,14,428
2C02,278,1,17588,0,111,17586,C,2,2014,2,HAROLD A. CLOSTER,251,27,389
2C03,351,2,17588,0,119,17586,C,3,2014,2,JEFFREY HIGGINS,249,3,470
2D01,361,1,17588,0,131,17586,D,1,2014,2,DAVID R. BENDER,320,41,492
2D02,207,1,17588,0,280,17586,D,2,2014,2,WRITE-IN,207,207,487
20,347,1,17588,0,93,17586,E,1,2014,2,ED SOLOMON,329,18,440
200,361,1,17588,0,106,17586,E,2,2014,2,RON LEWIS,339,22,467
2000,295,1,17588,0,122,17586,E,3,2014,2,JEFFREY L. JONES,273,22,417
20000,8,1,17588,0,14,17586,E,4,2014,2,WRITE-IN,8,8,22
200000,182,1,17588,0,71,17586,E,5,2014,2,BILL STARRELS,167,15,253
2000000,461,1,17588,0,138,17586,E,6,2014,2,TOM BIRCH,440,21,599
20000000,467,2,17588,1,121,17586,E,7,2014,2,MONICA L. ROACHE,303,8,589
200000000,20,1,17588,0,32,17586,E,8,2014,2,WRITE-IN,20,20,52
2F01,504,1,17588,0,208,17586,F,1,2014,2,KATHERINE GORDON,487,17,712
2F02,455,1,17588,0,207,17586,F,2,2014,2,KARIN BERRY,444,11,662
2F03,101,1,17588,0,583,17586,F,3,2014,2,WRITE-IN,101,101,684
2F04,488,1,17588,0,187,17586,F,4,2014,2,JOHN FANNING,473,15,675
2F05,312,1,17588,2,139,17586,F,5,2014,2,JIM LAMARE,295,17,453
2F06,511,2,17588,0,80,17586,F,6,2014,2,CHARLIE BENGEL,305,2,591
2F07,79,1,17588,0,322,17586,F,7,2014,2,WRITE-IN,79,79,401
2F08,275,1,17588,0,94,17586,F,8,2014,2,KEVIN DEELEY,256,19,369
3B01,495,2,26053,0,94,26050,B,1,2014,3,ANN LANE MLADINOV,279,7,589
3B02,355,1,26053,0,107,26050,B,2,2014,3,JACKIE BLUMENTHAL,337,18,462
3B03,435,1,26053,0,132,26050,B,3,2014,3,ABIGAIL ZENNER,408,27,567
3B04,639,1,26053,0,333,26050,B,4,2014,3,MARY C. YOUNG,621,18,972
3B05,470,2,26053,0,104,26050,B,5,2014,3,BRIAN TURMAIL,299,10,574
3C01,476,1,26053,1,186,26050,C,1,2014,3,LEE BRIAN REBA,445,31,663
3C02,469,1,26053,0,187,26050,C,2,2014,3,GWENDOLYN BOLE,454,15,656
3C03,567,1,26053,0,214,26050,C,3,2014,3,DAVID S. VALDEZ,556,11,781
3C04,130,1,26053,0,427,26050,C,4,2014,3,WRITE-IN,130,130,557
3C05,679,1,26053,0,274,26050,C,5,2014,3,MARGARET A. SIEGEL,649,30,953
3C06,468,1,26053,0,135,26050,C,6,2014,3,CARL ROLLER,457,11,603
3C07,452,1,26053,0,169,26050,C,7,2014,3,VICTOR SILVEIRA,429,23,621
3C08,522,1,26053,1,185,26050,C,8,2014,3,CATHERINE MAY,511,11,708
3C09,584,1,26053,0,181,26050,C,9,2014,3,NANCY J. MacWOOD,540,44,765
3D01,696,2,26053,0,81,26050,D,1,2014,3,WILLIAM SPENCE SPENCER,355,13,777
3D02,283,1,26053,0,93,26050,D,2,2014,3,"THOMAS ""TOM"" SMITH",272,11,376
3D03,508,1,26053,0,171,26050,D,3,2014,3,NAN S. WELLS,494,14,679
3D04,568,1,26053,0,142,26050,D,4,2014,3,STU ROSS,548,20,710
3D05,533,3,26053,0,149,26050,D,5,2014,3,ALMA H. GATES,342,16,682
3D06,352,1,26053,0,131,26050,D,6,2014,3,STEPHEN GARDNER,327,25,483
3D07,11,1,26053,0,28,26050,D,7,2014,3,WRITE-IN,11,11,39
3D08,374,1,26053,0,149,26050,D,8,2014,3,MIKE N. GOLD,351,23,523
3D09,392,1,26053,0,210,26050,D,9,2014,3,CONRAD J. DeWITTE JR,378,14,602
3D10,123,1,26053,0,49,26050,D,10,2014,3,SILVIA LUCERO,115,8,172
30,637,2,26053,1,283,26050,E,1,2014,3,ANNE WALLACE,397,31,921
300,619,1,26053,0,216,26050,E,2,2014,3,AMY B. HALL,596,23,835
3000,573,1,26053,0,203,26050,E,3,2014,3,JONATHAN BENDER,537,36,776
30000,688,2,26053,0,146,26050,E,4,2014,3,TOM QUINN,415,7,834
300000,520,3,26053,1,134,26050,E,5,2014,3,JONATHAN McHUGH,313,11,655
3F01,506,1,26053,0,253,26050,F,1,2014,3,ADAM SCOTT TOPE,493,13,759
3F02,557,2,26053,1,197,26050,F,2,2014,3,KAREN PERRY,317,14,755
3F03,563,1,26053,0,204,26050,F,3,2014,3,MARY BETH RAY,531,32,767
3F04,365,1,26053,0,133,26050,F,4,2014,3,SALLY W. GRESHAM,353,12,498
3F05,79,1,26053,0,613,26050,F,5,2014,3,WRITE-IN,79,79,692
3F06,555,1,26053,0,248,26050,F,6,2014,3,MALACHY NUGENT,534,21,803
3F07,179,1,26053,0,498,26050,F,7,2014,3,WRITE-IN,179,179,677
3G01,848,2,NA,0,113,NA,G,1,2014,3,"CAROLYN ""CALLIE"" COOK",533,6,961
3G02,615,1,NA,0,309,NA,G,2,2014,3,CHANDA TUCK GARFIELD,573,42,924
3G03,667,1,NA,0,315,NA,G,3,2014,3,RANDY SPECK,638,29,982
3G04,720,1,NA,0,240,NA,G,4,2014,3,REBECCA MAYDAK,684,36,960
3G05,677,1,26053,0,221,26050,G,5,2014,3,PETER SHAPIRO,649,28,898
3G06,503,2,26053,1,243,26050,G,6,2014,3,DAN BRADFIELD,288,3,747
3G07,579,1,26053,0,220,26050,G,7,2014,3,CHRIS FROMBOLUTI,558,21,799
4A01,805,2,26540,0,162,26538,A,1,2014,4,ACQUNETTA ANDERSON,419,19,967
4A02,915,1,26540,0,153,26538,A,2,2014,4,DWAYNE M. TOLIVER,884,31,1068
4A03,459,1,26540,0,120,26538,A,3,2014,4,"STEPHEN A. ""STEVE"" WHATLEY",446,13,579
4A04,535,1,26540,0,144,26538,A,4,2014,4,PATIENCE R. SINGLETON,522,13,679
4A05,249,1,26540,0,88,26538,A,5,2014,4,KIMBERLY A. WORTHY,247,2,337
4A06,246,1,26540,0,81,26538,A,6,2014,4,KARRYE Y. BRAXTON,237,9,327
4A07,474,1,26540,0,153,26538,A,7,2014,4,DAVE WILSON,452,22,627
4A08,815,1,26540,0,213,26538,A,8,2014,4,GALE BLACK,779,36,1028
4B01,676,2,26540,1,189,26538,B,1,2014,4,ANDRE R. CARLEY,493,25,866
4B02,615,2,26540,0,136,26538,B,2,2014,4,FRANK JONES III,373,12,751
4B03,629,1,26540,0,163,26538,B,3,2014,4,FRED GRANT,607,22,792
4B04,657,1,26540,0,139,26538,B,4,2014,4,BRENDA PARKS,633,24,796
4B05,468,2,26540,0,63,26538,B,5,2014,4,BRENDA SPEAKS,344,6,531
4B06,665,1,26540,0,163,26538,B,6,2014,4,RONALD (RON) AUSTIN,624,41,828
4B07,786,1,26540,0,207,26538,B,7,2014,4,JUDI JONES,740,46,993
4B08,657,1,26540,0,173,26538,B,8,2014,4,CAMILLE A. STEWART,630,27,830
4B09,723,2,26540,0,86,26538,B,9,2014,4,DOUGLASS SLOAN,369,9,809
4C01,449,1,26540,0,137,26538,C,1,2014,4,T. A. UQDAH,436,13,586
4C02,650,1,26540,0,204,26538,C,2,2014,4,JOSEPH MALONEY,619,31,854
4C03,499,1,26540,0,146,26538,C,3,2014,4,JEFF STANDISH,477,22,645
4C04,312,3,26540,1,65,26538,C,4,2014,4,RICKEY WILLIAMS JR,128,1,378
4C05,301,1,26540,0,154,26538,C,5,2014,4,ZACH TEUTSCH,285,16,455
4C06,507,1,26540,0,181,26538,C,6,2014,4,VANN-DI M. GALLOWAY,479,28,688
4C07,547,2,26540,0,176,26538,C,7,2014,4,JOHN-PAUL C. HAYWORTH,279,18,723
4C08,634,2,26540,0,122,26538,C,8,2014,4,TIMOTHY A. JONES,345,14,756
4C09,519,2,26540,0,118,26538,C,9,2014,4,JOSEPH MARTIN,375,17,637
4C10,610,2,26540,0,113,26538,C,10,2014,4,KATHLEEN M. CROWLEY,313,22,723
4D01,305,2,26540,1,125,26538,D,1,2014,4,NANCY E. ROTH,170,19,431
4D02,551,1,26540,0,94,26538,D,2,2014,4,RENEE L. BOWSER,538,13,645
4D03,585,1,26540,0,171,26538,D,3,2014,4,LISA COLBERT,552,33,756
4D04,502,2,26540,2,90,26538,D,4,2014,4,DAVID SHEON,254,5,594
4D05,396,2,26540,0,105,26538,D,5,2014,4,KRYSTAL BRANTON,303,9,501
4D06,519,1,26540,1,131,26538,D,6,2014,4,BILL QUIRK,484,35,651
5A01,730,1,22986,0,132,22984,A,1,2014,5,FRANK WILDS,719,11,862
5A02,658,1,22986,1,149,22984,A,2,2014,5,GRACE J. LEWIS,639,19,808
5A03,693,1,22986,0,173,22984,A,3,2014,5,ADRIAN T. JORDAN,659,34,866
5A04,2,1,22986,0,26,22984,A,4,2014,5,WRITE-IN,2,2,28
5A05,233,1,22986,0,68,22984,A,5,2014,5,RONNIE EDWARDS,226,7,301
5A06,429,1,22986,0,127,22984,A,6,2014,5,JASMINE N. WHITE,410,19,556
5A07,262,1,22986,0,85,22984,A,7,2014,5,SANDI WASHINGTON,255,7,347
5A08,617,1,22986,0,130,22984,A,8,2014,5,ANGEL SHERRI ALSTON,589,28,747
5B01,844,2,22986,0,108,22984,B,1,2014,5,GAYLE HALL-CARLEY,499,12,952
5B02,693,1,22986,0,218,22984,B,2,2014,5,URSULA HIGGINS,618,75,911
5B03,716,1,22986,0,179,22984,B,3,2014,5,MICHAEL IAN MORRISON,679,37,895
5B04,637,2,22986,0,98,22984,B,4,2014,5,JOSE (JOE) L. BARRIOS JR,420,11,735
5B05,265,1,22986,0,544,22984,B,5,2014,5,WRITE-IN,265,265,809
5C01,594,2,22986,0,122,22984,C,1,2014,5,GAIL BREVARD,433,17,716
5C02,458,1,22986,0,135,22984,C,2,2014,5,WALTER DELEON,423,35,593
5C03,775,2,22986,0,70,22984,C,3,2014,5,ROBERT LOOPER III,436,2,845
5C04,514,2,22986,0,161,22984,C,4,2014,5,JACQUELINE MANNING,344,16,675
5C05,464,2,22986,1,64,22984,C,5,2014,5,REGINA JAMES,336,14,529
5C06,402,2,22986,0,56,22984,C,6,2014,5,MONIQUE C. SMITH,242,12,458
5C07,596,1,22986,0,150,22984,C,7,2014,5,NOLAN TREADWAY,569,27,746
5D01,147,1,22986,0,65,22984,D,1,2014,5,PETA-GAY S. LEWIS,137,10,212
5D02,398,3,22986,1,68,22984,D,2,2014,5,KEISHA L. SHROPSHIRE,169,8,467
5D03,382,2,22986,2,101,22984,D,3,2014,5,ADAM ROBERTS,192,18,485
5D04,183,1,22986,1,68,22984,D,4,2014,5,BERNICE S. BLACKNELL,173,10,252
5D05,288,2,22986,1,57,22984,D,5,2014,5,KATHY HENDERSON,165,6,346
5D06,520,3,22986,0,147,22984,D,6,2014,5,H. YVONNE BUGGS,206,15,667
5D07,103,1,22986,0,409,22984,D,7,2014,5,WRITE-IN,103,103,512
50,453,2,22986,0,98,22984,E,1,2014,5,"DEBORAH ""DEBBIE SMITH"" STEINER",233,16,551
500,225,1,22986,0,78,22984,E,2,2014,5,"CHRISTY ""LOVE"" DAVIS",213,12,303
5000,635,3,22986,0,192,22984,E,3,2014,5,RENEE T. LEWIS,293,26,827
50000,642,2,22986,0,77,22984,E,4,2014,5,SYLVIA M. PINKNEY,348,5,719
500000,583,3,22986,0,142,22984,E,5,2014,5,BRADLEY ASHTON THOMAS,327,12,725
5000000,498,1,22986,0,146,22984,E,6,2014,5,TERI JANINE TJ QUINN,472,26,644
50000000,657,2,22986,1,189,22984,E,7,2014,5,BERTHA HOLLIDAY,323,12,847
500000000,594,1,22986,1,135,22984,E,8,2014,5,AUSTIN L. PEARL,574,20,730
5000000000,534,2,22986,2,68,22984,E,9,2014,5,C. DIANNE BARNES,278,9,604
50000000000,640,2,22986,2,72,22984,E,10,2014,5,SALLY HOBAUGH,314,28,714
6A01,655,3,29787,1,162,29783,A,1,2014,6,J. OMAR MAHMUD,255,11,818
6A02,637,1,29787,0,235,29783,A,2,2014,6,PHIL TOOMAJIAN,607,30,872
6A03,278,1,29787,0,660,29783,A,3,2014,6,WRITE-IN,278,278,938
6A04,852,2,29787,1,55,29783,A,4,2014,6,MATT LEVY,538,2,908
6A05,735,2,29787,0,241,29783,A,5,2014,6,PATRICK M. MALONE,467,30,976
6A06,665,2,29787,0,147,29783,A,6,2014,6,STEPHANIE ZIMNY,367,18,812
6A07,375,1,29787,1,92,29783,A,7,2014,6,SONDRA PHILLIPS-GILBERT,358,17,468
6A08,588,1,29787,0,153,29783,A,8,2014,6,CALVIN WARD,534,54,741
6B01,519,1,29787,0,217,29783,B,1,2014,6,JENNIFER E. SAMOLYK,498,21,736
6B02,807,2,29787,0,144,29783,B,2,2014,6,K. DIANE HOSKINS,457,7,951
6B03,610,3,29787,1,260,29783,B,3,2014,6,JAMES M. LOOTS,242,17,871
6B04,590,1,29787,1,148,29783,B,4,2014,6,KIRSTEN OLDENBURG,549,41,739
6B05,850,3,29787,0,119,29783,B,5,2014,6,STEVE HAGEDORN,439,13,969
6B06,664,2,29787,1,241,29783,B,6,2014,6,NICK BURGER,379,15,906
6B07,370,1,29787,0,131,29783,B,7,2014,6,DANIEL CHAO,355,15,501
6B08,701,1,29787,0,278,29783,B,8,2014,6,CHANDER JAYARAMAN,667,34,979
6B09,755,1,29787,0,121,29783,B,9,2014,6,BRIAN FLAHAVEN,737,18,876
6B10,664,2,29787,0,143,29783,B,10,2014,6,KATHRYN DENISE RUCKER KREPP,382,7,807
6C01,502,1,29787,0,214,29783,C,1,2014,6,DANIELE MEGAN SCHIFFMAN,472,30,716
6C02,315,1,29787,1,152,29783,C,2,2014,6,KAREN J. WIRT,306,9,468
6C03,709,1,29787,0,242,29783,C,3,2014,6,SCOTT PRICE,680,29,951
6C04,535,1,29787,0,193,29783,C,4,2014,6,MARK ECKENWILER,506,29,728
6C05,646,2,29787,1,190,29783,C,5,2014,6,CHRIS MILLER,349,16,837
6C06,973,1,29787,1,222,29783,C,6,2014,6,TONY T. GOODMAN,942,31,1196
6D01,692,1,29787,0,216,29783,D,1,2014,6,MARJORIE LIGHTMAN,664,28,908
6D02,605,1,29787,2,188,29783,D,2,2014,6,STACY BRAVERMAN CLOYD,582,23,795
6D03,478,1,29787,0,151,29783,D,3,2014,6,RACHEL REILLY CARROLL,465,13,629
6D04,689,1,NA,0,161,NA,D,4,2014,6,ANDY LITSKY,662,27,850
6D05,677,1,29787,0,180,29783,D,5,2014,6,ROGER MOFFATT,649,28,857
6D06,505,1,29787,0,138,29783,D,6,2014,6,RHONDA NATALIE HAMILTON,486,19,643
6D07,820,3,29787,0,119,29783,D,7,2014,6,MEREDITH FASCETT,553,4,939
60,602,2,29787,0,133,29783,E,1,2014,6,"ALEXANDER M. ""ALEX"" PADRO",372,7,735
600,684,3,29787,1,127,29783,E,2,2014,6,KEVIN CHAPPLE,326,6,812
6000,481,2,29787,1,61,29783,E,3,2014,6,FRANK S. WIGGINS,338,11,543
60000,786,2,29787,0,102,29783,E,4,2014,6,RACHELLE P. NIGRO,507,12,888
600000,457,1,29787,1,169,29783,E,5,2014,6,MARGE MACEDA,435,22,627
6000000,249,2,29787,1,61,29783,E,6,2014,6,ANTONIO D. BARNES,183,5,311
60000000,331,2,29787,1,150,29783,E,7,2014,6,ALFREDA S. JUDD,185,14,482
7B01,362,1,18198,0,163,18193,B,1,2014,7,PATRICIA HOWARD-CHITTAMS,348,14,525
7B02,503,1,18198,0,129,18193,B,2,2014,7,TIFFANY L. BROWN,478,25,632
7B03,402,1,18198,0,112,18193,B,3,2014,7,GARY E. BUTLER,380,22,514
7B04,883,1,18198,0,151,18193,B,4,2014,7,PHILLIP J. HAMMOND,836,47,1034
7B05,543,1,18198,0,93,18193,B,5,2014,7,ROBIN HAMMOND MARLIN,436,107,636
7B06,707,2,18198,0,133,18193,B,6,2014,7,DONOVAN ANDERSON,343,23,840
7B07,767,2,18198,0,150,18193,B,7,2014,7,MARCUS TURNER,476,28,917
7C01,300,2,18198,0,103,18193,C,1,2014,7,PATRICIA MALLOY,200,10,403
7C02,345,1,18198,0,133,18193,C,2,2014,7,GREGORI STEWART,323,22,478
7C03,444,2,18198,0,60,18193,C,3,2014,7,CATHERINE A. WOODS,300,5,504
7C04,342,1,18198,0,134,18193,C,4,2014,7,WALTER J. GARCIA II,319,23,476
7C05,403,2,18198,0,70,18193,C,5,2014,7,MARY L. GAFFNEY,252,6,473
7C06,352,1,18198,0,76,18193,C,6,2014,7,JENNIFER K. COSBY,337,15,428
7C07,422,2,18198,0,58,18193,C,7,2014,7,ANTAWAN HOLMES,259,16,480
7D01,508,1,18198,0,123,18193,D,1,2014,7,BOB COOMBER,481,27,631
7D02,257,1,18198,0,421,18193,D,2,2014,7,WRITE-IN,257,257,678
7D03,146,2,18198,0,65,18193,D,3,2014,7,DOROTHY DOUGLAS,85,8,211
7D04,684,2,18198,0,77,18193,D,4,2014,7,CLAUDE B. McKAY,362,4,761
7D05,419,1,18198,0,107,18193,D,5,2014,7,JANIS D. HAZEL,403,16,526
7D06,380,1,18198,1,134,18193,D,6,2014,7,SHERICE A. MUHAMMAD,374,6,515
7D07,314,1,18198,0,87,18193,D,7,2014,7,JUSTIN A. LINI,289,25,401
70,508,1,18198,0,130,18193,E,1,2014,7,GEORGE B. BROWNE JR,467,41,638
700,536,1,18198,0,133,18193,E,2,2014,7,LINDA S. GREEN,484,52,669
7000,253,1,18198,0,135,18193,E,3,2014,7,ROSA A. HAMLETT,234,19,388
70000,415,2,18198,0,74,18193,E,4,2014,7,MYRON SMITH,205,6,489
700000,325,3,18198,0,58,18193,E,5,2014,7,ROCHELLE AC BENT,135,14,383
7000000,362,2,18198,0,82,18193,E,6,2014,7,MAXINE NIGHTINGALE,242,21,444
70000000,375,1,18198,0,91,18193,E,7,2014,7,LINDA HOLMES,333,42,466
7F01,417,3,18198,0,98,18193,F,1,2014,7,EDWARD RHODES,143,4,515
7F02,504,1,18198,0,135,18193,F,2,2014,7,EBONI-ROSE THOMPSON,470,34,639
7F03,284,1,18198,0,82,18193,F,3,2014,7,SHEILA M. CARSON CARR,273,11,366
7F04,179,2,18198,0,38,18193,F,4,2014,7,"YOLANDA ""YO YO"" ARMSTRONG",106,5,217
7F05,320,2,18198,0,45,18193,F,5,2014,7,KAREN SETTLES,221,5,365
7F06,51,1,18198,0,466,18193,F,6,2014,7,WRITE-IN,51,51,517
7F07,3,1,18198,0,31,18193,F,7,2014,7,WRITE-IN,3,3,34
8A01,555,2,13609,0,78,13608,A,1,2014,8,HOLLY MUHAMMAD,325,9,633
8A02,510,1,13609,0,139,13608,A,2,2014,8,BARBARA J. CLARK,479,31,649
8A03,437,1,13609,0,105,13608,A,3,2014,8,CYNTHIA W. SIMMS,412,25,542
8A04,184,1,13609,0,65,13608,A,4,2014,8,TROY DONTE PRESTWOOD,127,57,249
8A05,347,2,13609,0,100,13608,A,5,2014,8,CHARLES E. WILSON,217,19,447
8A06,454,2,13609,0,92,13608,A,6,2014,8,TINA L. FLETCHER,224,11,546
8A07,364,1,13609,0,84,13608,A,7,2014,8,NATALIE WILLIAMS,340,24,448
8B01,381,1,13609,0,100,13608,B,1,2014,8,KHADIJAH WATSON,345,36,481
8B02,250,2,13609,0,72,13608,B,2,2014,8,PAUL TRANTHAM,127,22,322
8B03,341,1,13609,0,131,13608,B,3,2014,8,KEVIN VAUGHAN,303,38,472
8B04,182,1,13609,0,47,13608,B,4,2014,8,ANTHONY LORENZO GREEN,172,10,229
8B05,287,1,13609,0,87,13608,B,5,2014,8,BETTY SCIPPIO,268,19,374
8B06,55,1,13609,0,248,13608,B,6,2014,8,WRITE-IN,55,55,303
8B07,52,1,13609,0,192,13608,B,7,2014,8,WRITE-IN,52,52,244
8C01,248,1,13609,0,77,13608,C,1,2014,8,JEFFREY McCOY,228,20,325
8C02,254,1,13609,0,85,13608,C,2,2014,8,(TERRY) TERESA STITH,240,14,339
8C03,347,1,13609,0,160,13608,C,3,2014,8,MARY J. CUTHBERT,318,29,507
8C04,375,2,13609,0,114,13608,C,4,2014,8,MARKUS BATCHELOR,204,7,489
8C05,173,2,13609,0,50,13608,C,5,2014,8,BRENDA E. SHIELDS,96,12,223
8C06,227,2,13609,0,71,13608,C,6,2014,8,RHONDA L. EDWARDS-HINES,145,7,298
8C07,333,1,13609,0,88,13608,C,7,2014,8,CHARLES L. LINDSAY,295,38,421
8D01,300,1,13609,0,102,13608,D,1,2014,8,PATRICIA PAT CARMON,265,35,402
8D02,235,1,13609,0,72,13608,D,2,2014,8,OLIVIA L. HENDERSON,224,11,307
8D03,180,1,13609,0,76,13608,D,3,2014,8,"ABSALOM ""AB"" JORDAN",168,12,256
8D04,103,1,13609,0,52,13608,D,4,2014,8,MONIQUE T. DIOP,95,8,155
8D05,218,1,13609,0,55,13608,D,5,2014,8,THOMAS RUFFIN JR,208,10,273
8D06,62,1,13609,0,445,13608,D,6,2014,8,WRITE-IN,62,62,507
8D07,265,1,13609,1,97,13608,D,7,2014,8,THERESA H. JONES,254,11,363
80,325,2,13609,0,123,13608,E,1,2014,8,MARVIN S. LEE,163,11,448
800,333,2,13609,0,66,13608,E,2,2014,8,ANTHONY MUHAMMAD,172,20,399
8000,167,2,13609,0,40,13608,E,3,2014,8,ANTHONY (JAMAAL) DAILEY,110,8,207
80000,111,1,13609,0,357,13608,E,4,2014,8,WRITE-IN,111,111,468
800000,385,1,13609,0,123,13608,E,5,2014,8,CHRISTOPHER L. HAWTHORNE,348,37,508
8000000,221,1,13609,0,81,13608,E,6,2014,8,KARLENE (K.) ARMSTEAD,182,39,302
80000000,378,2,13609,0,94,13608,E,7,2014,8,STEPHEN A. SLAUGHTER,193,21,472
1A01,651,2,40633,0,71,40352,A,1,2016,1,Valerie Baron,400,5,722
1A02,872,1,40633,1,216,40352,A,2,2016,1,Vickey A. Wright-Smith,823,49,1089
1A03,641,1,40633,0,207,40352,A,3,2016,1,Zach Rybarczyk,616,25,848
1A04,714,1,40633,1,215,40352,A,4,2016,1,Sadaf Megan Mortezavi,690,24,930
1A05,598,1,40633,1,148,40352,A,5,2016,1,Christine Miller,577,21,747
1A06,910,1,40633,1,238,40352,A,6,2016,1,Richard DuBeshter,866,44,1149
1A07,914,2,40633,0,180,40352,A,7,2016,1,Sharon Farmer,526,17,1094
1A08,1107,1,40633,0,208,40352,A,8,2016,1,Kent Boese,1078,29,1315
1A09,717,1,40633,0,167,40352,A,9,2016,1,Bobby Holmes,676,41,884
1A10,981,2,40633,0,101,40352,A,10,2016,1,Rashida E. Brown,613,8,1082
1A11,211,1,40633,0,706,40352,A,11,2016,1,WRITE-IN,211,211,917
1A12,651,1,40633,0,194,40352,A,12,2016,1,Margaret Hundley,627,24,845
1B01,1159,2,40633,1,186,40352,B,1,2016,1,Anita Norman,853,14,1346
1B02,1199,1,40633,0,359,40352,B,2,2016,1,Brad Gudzinas,1152,47,1558
1B03,694,1,40633,0,243,40352,B,3,2016,1,Sedrick Muhammad,647,47,937
1B04,1073,1,40633,0,349,40352,B,4,2016,1,Jon Squicciarini,1029,44,1422
1B05,883,1,40633,0,274,40352,B,5,2016,1,Nathan Ackerman,839,44,1157
1B06,251,1,40633,0,831,40352,B,6,2016,1,WRITE-IN,251,251,1082
1B07,457,1,40633,0,122,40352,B,7,2016,1,Jessica L. Smith,434,23,579
1B08,815,1,40633,0,241,40352,B,8,2016,1,Joshua R. Mater,785,30,1056
1B09,906,1,40633,0,207,40352,B,9,2016,1,James A. Turner,861,45,1113
1B10,106,1,40633,0,490,40352,B,10,2016,1,WRITE-IN,106,106,596
1B11,755,1,40633,0,162,40352,B,11,2016,1,Robb Hudson,722,33,917
1B12,1017,1,40633,1,277,40352,B,12,2016,1,John Carlos Green,991,26,1295
1C01,331,1,40633,0,1008,40352,C,1,2016,1,WRITE-IN,331,331,1339
1C02,1066,1,40633,1,315,40352,C,2,2016,1,Hector Huezo,1019,47,1382
1C03,965,1,40633,1,272,40352,C,3,2016,1,Ted Guthrie,903,62,1238
1C04,993,1,40633,0,290,40352,C,4,2016,1,A. Tianna Scozzaro,952,41,1283
1C05,249,1,40633,0,1001,40352,C,5,2016,1,WRITE-IN,249,249,1250
1C06,965,1,40633,1,294,40352,C,6,2016,1,Brendan Reardon,930,35,1260
1C07,967,2,40633,0,218,40352,C,7,2016,1,Wilson Reynolds,603,30,1185
1C08,1020,2,40633,1,232,40352,C,8,2016,1,Amanda Fox Perry,501,27,1253
1D01,1023,2,40633,1,240,40352,D,1,2016,1,Jon Stewart,597,19,1264
1D02,538,3,40633,3,178,40352,D,2,2016,1,Paul Karrer,279,10,719
1D03,1156,2,40633,0,122,40352,D,3,2016,1,Jack McKay,651,12,1278
1D04,754,1,40633,0,215,40352,D,4,2016,1,Yasmin Romero-Latin,715,39,969
1D05,952,1,40633,0,300,40352,D,5,2016,1,Stuart Karaffa,912,40,1252
2A01,209,1,33297,0,54,32908,A,1,2016,2,Patrick Kennedy,201,8,263
2A02,642,1,33297,0,235,32908,A,2,2016,2,Rebecca Coder,624,18,877
2A03,482,2,33297,0,231,32908,A,3,2016,2,Marco Guzman,282,19,713
2A04,637,1,33297,1,166,32908,A,4,2016,2,William K. Smith,603,34,804
2A05,343,1,33297,0,115,32908,A,5,2016,2,Philip J. Schrefer,338,5,458
2A06,539,1,33297,0,186,32908,A,6,2016,2,Florence E. Harmon,530,9,725
2A07,243,1,33297,0,72,32908,A,7,2016,2,Detrick Campbell,235,8,315
2A08,81,1,33297,0,207,32908,A,8,2016,2,WRITE-IN,81,81,288
2B01,888,1,33297,0,245,32908,B,1,2016,2,Amy Johnson,862,26,1133
2B02,685,1,33297,0,202,32908,B,2,2016,2,Daniel Warwick,661,24,887
2B03,765,1,33297,0,269,32908,B,3,2016,2,Stephanie Maltz,733,32,1034
2B04,972,1,33297,0,335,32908,B,4,2016,2,Michael Upright,922,50,1307
2B05,950,2,33297,0,224,32908,B,5,2016,2,Randy D. Downs,531,17,1174
2B06,773,1,33297,0,245,32908,B,6,2016,2,Mike Silverstein,753,20,1018
2B07,828,1,33297,0,311,32908,B,7,2016,2,John Kupcinski,795,33,1139
2B08,1007,1,33297,0,272,32908,B,8,2016,2,Nicole Mann,967,40,1279
2B09,1192,2,33297,2,199,32908,B,9,2016,2,Scott Davies,815,14,1393
2C01,726,1,33297,0,238,32908,C,1,2016,2,John Tinpe,707,19,964
2C02,670,1,33297,0,168,32908,C,2,2016,2,Theresa Harrison,652,18,838
2C03,629,1,33297,0,186,32908,C,3,2016,2,Kevin Wilsey,617,12,815
2D01,608,1,33297,0,201,32908,D,1,2016,2,David R. Bender,589,19,809
2D02,524,1,33297,0,167,32908,D,2,2016,2,Ellen Goldstein,503,21,691
20,641,1,33297,0,202,32908,E,1,2016,2,Ed Solomon,622,19,843
200,555,1,33297,0,191,32908,E,2,2016,2,Joe Gibbons,544,11,746
2000,589,2,33297,0,176,32908,E,3,2016,2,Rick Murphy,409,7,765
20000,5,1,33297,0,18,32908,E,4,2016,2,WRITE-IN,5,5,23
200000,497,2,33297,0,81,32908,E,5,2016,2,Lisa Palmer,298,8,578
2000000,742,1,33297,0,245,32908,E,6,2016,2,Jim Wilcox,722,20,987
20000000,823,1,33297,1,254,32908,E,7,2016,2,Monica L. Roaché,803,20,1078
200000000,278,1,33297,0,59,32908,E,8,2016,2,Zachary Schroepfer,271,7,337
2F01,853,2,33297,1,359,32908,F,1,2016,2,Jason Forman,489,25,1213
2F02,948,1,33297,0,296,32908,F,2,2016,2,John Guggenmos,918,30,1244
2F03,997,2,33297,1,298,32908,F,3,2016,2,Alex J. Graham,514,12,1296
2F04,882,1,33297,0,257,32908,F,4,2016,2,John Fanning,868,14,1139
2F05,599,2,33297,0,345,32908,F,5,2016,2,Ron Rubin,370,16,944
2F06,933,1,33297,0,199,32908,F,6,2016,2,Charlie Bengel,910,23,1132
2F07,605,1,33297,1,233,32908,F,7,2016,2,Kevin J Sylvester,588,17,839
2F08,119,1,33297,0,699,32908,F,8,2016,2,WRITE-IN,119,119,818
3B01,810,1,42795,0,268,42383,B,1,2016,3,Ann Lane Mladinov,784,26,1078
3B02,724,1,42795,0,195,42383,B,2,2016,3,Jackie Blumenthal,705,19,919
3B03,961,1,42795,1,244,42383,B,3,2016,3,Melissa Lane,935,26,1206
3B04,1012,1,42795,0,398,42383,B,4,2016,3,Mary C. Young,985,27,1410
3B05,880,1,42795,0,212,42383,B,5,2016,3,Brian G. Turmail,852,28,1092
3C01,942,1,42795,0,299,42383,C,1,2016,3,Lee Brian Reba,901,41,1241
3C02,1083,1,42795,1,310,42383,C,2,2016,3,Gwendolyn Bole,1051,32,1394
3C03,1048,1,42795,0,260,42383,C,3,2016,3,Jessica Wasserman,1023,25,1308
3C04,266,1,42795,0,877,42383,C,4,2016,3,WRITE-IN,266,266,1143
3C05,1146,2,42795,1,257,42383,C,5,2016,3,Emma Hersh,666,19,1404
3C06,967,1,42795,1,229,42383,C,6,2016,3,Angela Bradbery,948,19,1197
3C07,759,1,42795,0,280,42383,C,7,2016,3,Maureen Kinlan Boucher,734,25,1039
3C08,870,2,42795,0,167,42383,C,8,2016,3,Malia N. Brink,612,5,1037
3C09,1007,2,42795,0,165,42383,C,9,2016,3,Nancy J. MacWood,644,13,1172
3D01,845,1,42795,0,272,42383,D,1,2016,3,Chuck Elkins,815,30,1117
3D02,573,2,42795,0,41,42383,D,2,2016,3,Troy Kravitz,302,5,614
3D03,917,3,42795,0,93,42383,D,3,2016,3,Holmes Whalen,393,14,1010
3D04,482,1,42795,0,609,42383,D,4,2016,3,WRITE-IN,482,482,1091
3D05,848,1,42795,0,222,42383,D,5,2016,3,Alma H. Gates,734,114,1070
3D06,644,1,42795,0,188,42383,D,6,2016,3,Stephen Gardner,611,33,832
3D07,39,1,42795,0,233,42383,D,7,2016,3,WRITE-IN,39,39,272
3D08,666,1,42795,0,248,42383,D,8,2016,3,Michael Gold,650,16,914
3D09,792,1,42795,0,280,42383,D,9,2016,3,Conrad J. DeWitte JR,757,35,1072
3D10,284,1,42795,0,68,42383,D,10,2016,3,Silvia Lucero,270,14,352
30,941,1,42795,1,288,42383,E,1,2016,3,Anne Wallace,900,41,1230
300,924,1,42795,0,286,42383,E,2,2016,3,Amy B. Hall,892,32,1210
3000,969,1,42795,0,234,42383,E,3,2016,3,Jonathan Bender,915,54,1203
30000,935,1,42795,0,263,42383,E,4,2016,3,Tom Quinn,891,44,1198
300000,677,1,42795,0,223,42383,E,5,2016,3,Jonathan McHugh,645,32,900
3F01,809,1,42795,0,253,42383,F,1,2016,3,David Dickinson,785,24,1062
3F02,934,1,42795,0,240,42383,F,2,2016,3,Shirley Adelstein,918,16,1174
3F03,954,1,42795,0,286,42383,F,3,2016,3,Naomi Rutenberg,917,37,1240
3F04,145,1,42795,0,796,42383,F,4,2016,3,WRITE-IN,145,145,941
3F05,810,1,42795,0,308,42383,F,5,2016,3,Andrea Molod,791,19,1118
3F06,891,1,42795,0,267,42383,F,6,2016,3,Malachy Nugent,867,24,1158
3F07,932,1,42795,0,314,42383,F,7,2016,3,Patrick Jakopchek,903,29,1246
3G01,1101,2,NA,2,195,NA,G,1,2016,3,"Carolyn ""Callie"" Cook",562,24,1298
3G02,841,1,NA,0,357,NA,G,2,2016,3,Chanda Tuck - Garfield,815,26,1198
3G03,972,1,NA,0,302,NA,G,3,2016,3,Randy Speck,943,29,1274
3G04,995,1,NA,0,284,NA,G,4,2016,3,Rebecca Maydak,954,41,1279
3G05,970,1,42795,0,240,42383,G,5,2016,3,Peter Shapiro,930,40,1210
3G06,893,1,42795,1,281,42383,G,6,2016,3,Dan Bradfield,865,28,1175
3G07,866,2,42795,0,300,42383,G,7,2016,3,Chris Fromboluti,460,22,1166
4A01,1094,2,41170,0,135,41055,A,1,2016,4,Phyllis C. Green,683,13,1229
4A02,1189,1,41170,0,207,41055,A,2,2016,4,Stacey Lincoln,1051,138,1396
4A03,721,2,41170,0,105,41055,A,3,2016,4,"Stephen A ""Steve"" Whatley",404,8,826
4A04,983,2,41170,1,127,41055,A,4,2016,4,Patience R. Singleton,571,10,1111
4A05,521,3,41170,0,163,41055,A,5,2016,4,Deborah Pope,328,11,684
4A06,453,1,41170,0,155,41055,A,6,2016,4,Karrye Y. Braxton,439,14,608
4A07,737,1,41170,1,206,41055,A,7,2016,4,David Wilson,718,19,944
4A08,1215,1,41170,0,199,41055,A,8,2016,4,Gale Black,1176,39,1414
4B01,1082,2,41170,0,219,41055,B,1,2016,4,Andre R. Carley,554,36,1301
4B02,423,1,41170,0,735,41055,B,2,2016,4,WRITE-IN,423,423,1158
4B03,1044,1,41170,0,200,41055,B,3,2016,4,Scot Knickerbocker,1006,38,1244
4B04,1051,2,41170,0,166,41055,B,4,2016,4,Brenda Parks,765,23,1217
4B05,807,2,41170,0,108,41055,B,5,2016,4,Yolanda Hughes,578,15,915
4B06,1135,2,41170,1,107,41055,B,6,2016,4,Natalee S. Snider,744,9,1243
4B07,1341,2,41170,1,200,41055,B,7,2016,4,Judi Jones,696,38,1542
4B08,1030,1,41170,0,188,41055,B,8,2016,4,Barbara Rogers,976,54,1218
4B09,1205,2,41170,3,133,41055,B,9,2016,4,Tischa M. Cockrell,729,7,1341
4C01,885,2,41170,1,106,41055,C,1,2016,4,Charlotte Nugent,605,12,992
4C02,1017,1,41170,0,189,41055,C,2,2016,4,Maria Barry,989,28,1206
4C03,896,1,41170,0,198,41055,C,3,2016,4,Ulysses E. Campbell,871,25,1094
4C04,560,1,41170,0,117,41055,C,4,2016,4,Michael Halpern,539,21,677
4C05,621,1,41170,0,205,41055,C,5,2016,4,Zach Teutsch,612,9,826
4C06,1082,1,41170,0,268,41055,C,6,2016,4,Thomas Burnett,1058,24,1350
4C07,965,1,41170,1,194,41055,C,7,2016,4,Karen W. Cooper,944,21,1160
4C08,1042,1,41170,0,207,41055,C,8,2016,4,Timothy A. Jones,995,47,1249
4C09,883,1,41170,0,190,41055,C,9,2016,4,Joseph Martin,858,25,1073
4C10,973,1,41170,0,186,41055,C,10,2016,4,Jonah Goodman,951,22,1159
4D01,689,1,41170,1,156,41055,D,1,2016,4,Nancy E. Roth,672,17,846
4D02,948,1,41170,0,118,41055,D,2,2016,4,Renée L. Bowser,929,19,1066
4D03,1025,2,41170,1,155,41055,D,3,2016,4,Lisa Colbert,539,13,1181
4D04,791,1,41170,0,139,41055,D,4,2016,4,David Sheon,772,19,930
4D05,791,1,41170,0,145,41055,D,5,2016,4,Krystal Branton,769,22,936
4D06,906,2,41170,1,131,41055,D,6,2016,4,Amy Hemingway,682,18,1038
5A01,1141,1,40102,0,191,40038,A,1,2016,5,Frank Wilds,1099,42,1332
5A02,1117,3,40102,1,104,40038,A,2,2016,5,Grace J. Lewis,604,17,1222
5A03,1039,3,40102,1,231,40038,A,3,2016,5,Keisha S. Cofield-Lynch,514,24,1271
5A04,18,1,40102,0,37,40038,A,4,2016,5,WRITE-IN,18,18,55
5A05,456,1,40102,0,118,40038,A,5,2016,5,Ronnie Edwards,441,15,574
5A06,813,1,40102,2,237,40038,A,6,2016,5,A. Jamaal Lampkin,794,19,1052
5A07,453,1,40102,1,139,40038,A,7,2016,5,"Sandra ""Sandi"" Washington",444,9,593
5A08,1044,2,40102,0,83,40038,A,8,2016,5,Gordon-Andrew Fletcher,538,10,1127
5B01,1161,1,40102,0,138,40038,B,1,2016,5,Gayle Hall Carley,1133,28,1299
5B02,1038,1,40102,0,238,40038,B,2,2016,5,Ursula Higgins,973,65,1276
5B03,1071,2,40102,0,164,40038,B,3,2016,5,Henri Makembe,589,23,1235
5B04,1019,2,40102,0,127,40038,B,4,2016,5,Rayseen Woodland,511,35,1146
5B05,1034,1,40102,0,178,40038,B,5,2016,5,John J. Feeley JR,1001,33,1212
5C01,966,1,40102,0,178,40038,C,1,2016,5,Gail A. Brevard,931,35,1144
5C02,777,2,40102,1,137,40038,C,2,2016,5,Kevin Mullone,417,11,915
5C03,1291,1,40102,1,209,40038,C,3,2016,5,Robert Looper III,1257,34,1501
5C04,819,3,40102,1,136,40038,C,4,2016,5,Jacqueline Manning,448,10,956
5C05,989,2,40102,0,185,40038,C,5,2016,5,Regina James,561,20,1174
5C06,664,1,40102,3,179,40038,C,6,2016,5,LaMonica Jeffrey,629,35,846
5C07,993,1,40102,3,198,40038,C,7,2016,5,Yolanda Odunsi,955,38,1194
5D01,634,1,40102,0,178,40038,D,1,2016,5,Peta - Gay S. Lewis,609,25,812
5D02,895,2,40102,0,113,40038,D,2,2016,5,Keisha L. Shropshire,450,14,1008
5D03,1008,2,40102,0,123,40038,D,3,2016,5,James Butler,532,25,1131
5D04,614,2,40102,0,75,40038,D,4,2016,5,Bernice S Blacknell,397,8,689
5D05,623,1,40102,0,112,40038,D,5,2016,5,Kathy Henderson,550,73,735
5D06,1056,2,40102,0,199,40038,D,6,2016,5,H. Yvonne Buggs,740,21,1255
5D07,819,1,40102,0,206,40038,D,7,2016,5,Clarence Lee,783,36,1025
50,997,1,40102,0,236,40038,E,1,2016,5,Eddie Garnett,961,36,1233
500,578,1,40102,1,127,40038,E,2,2016,5,Patricia L. Williams,561,17,706
5000,1542,3,40102,2,376,40038,E,3,2016,5,Hannah R. Powell,796,49,1920
50000,1048,2,40102,0,166,40038,E,4,2016,5,Sylvia M. Pinkney,739,32,1214
500000,1125,1,40102,0,182,40038,E,5,2016,5,Bradley Ashton Thomas,1104,21,1307
5000000,883,2,40102,0,234,40038,E,6,2016,5,Katherine McClelland,638,30,1117
50000000,1101,3,40102,0,160,40038,E,7,2016,5,Bertha G. Holliday,439,21,1261
500000000,978,1,40102,1,192,40038,E,8,2016,5,Horacio Sierra,942,36,1171
5000000000,961,2,40102,3,143,40038,E,9,2016,5,C Dianne Barnes,573,14,1107
50000000000,1122,2,40102,0,101,40038,E,10,2016,5,"Nancy ""Darlene"" Jones",611,9,1223
6A01,1060,1,51909,0,266,51687,A,1,2016,6,Marie-Claire Brown,1027,33,1326
6A02,1108,1,51909,2,226,51687,A,2,2016,6,Phil Toomajian,1061,47,1336
6A03,1099,1,51909,0,271,51687,A,3,2016,6,Michael B Soderman,1068,31,1370
6A04,1191,1,51909,1,197,51687,A,4,2016,6,Matt Levy,1152,39,1389
6A05,1183,2,51909,2,237,51687,A,5,2016,6,Patrick Malone,695,55,1422
6A06,1149,3,51909,0,217,51687,A,6,2016,6,Stephanie Zimny,641,192,1366
6A07,928,1,51909,0,167,51687,A,7,2016,6,Sondra Phillips-Gilbert,881,47,1095
6A08,1133,1,51909,0,218,51687,A,8,2016,6,Calvin Ward,1073,60,1351
6B01,838,1,51909,0,218,51687,B,1,2016,6,Jennifer E Samolyk,800,38,1056
6B02,1070,1,51909,0,254,51687,B,2,2016,6,Diane Hoskins,1023,47,1324
6B03,1047,1,51909,1,268,51687,B,3,2016,6,James M Loots,1005,42,1316
6B04,869,1,51909,0,123,51687,B,4,2016,6,Kirsten Oldenburg,826,43,992
6B05,1079,1,51909,0,249,51687,B,5,2016,6,Steve Hagedorn,1036,43,1328
6B06,1081,1,51909,0,257,51687,B,6,2016,6,Nick Burger,1053,28,1338
6B07,887,1,51909,0,212,51687,B,7,2016,6,Aimee M. Grace,868,19,1099
6B08,1082,1,51909,0,295,51687,B,8,2016,6,Chander Jayaraman,1035,47,1377
6B09,1179,1,51909,0,268,51687,B,9,2016,6,Daniel Ridge,1149,30,1447
6B10,1210,2,51909,1,206,51687,B,10,2016,6,Kathryn Denise Rucker Krepp,840,24,1417
6C01,821,1,51909,0,253,51687,C,1,2016,6,Christine Healey,790,31,1074
6C02,522,1,51909,0,147,51687,C,2,2016,6,Karen Wirt,494,28,669
6C03,1106,1,51909,0,279,51687,C,3,2016,6,Scott Price,1048,58,1385
6C04,1236,1,51909,0,344,51687,C,4,2016,6,Mark Eckenwiler,1187,49,1580
6C05,1233,1,51909,0,246,51687,C,5,2016,6,Chris Miller,1190,43,1479
6C06,2216,1,51909,0,452,51687,C,6,2016,6,Heather Edelman,2161,55,2668
6D01,1272,4,51909,0,258,51687,D,1,2016,6,Gail Fast,495,25,1530
6D02,1295,2,51909,0,314,51687,D,2,2016,6,Cara Lea Shockley,947,31,1609
6D03,212,1,51909,0,932,51687,D,3,2016,6,WRITE-IN,212,212,1144
6D04,1115,1,NA,0,203,NA,D,4,2016,6,Andy Litsky,1072,43,1318
6D05,1192,4,51909,0,235,51687,D,5,2016,6,Roger Moffatt,532,21,1427
6D06,1037,1,51909,0,251,51687,D,6,2016,6,Rhonda Natalie Hamilton,1017,20,1288
6D07,1775,1,51909,0,265,51687,D,7,2016,6,Meredith Fascett,1739,36,2040
60,1380,2,51909,1,252,51687,E,1,2016,6,"Alexander M. ""Alex"" Padro",813,24,1633
600,1100,4,51909,2,210,51687,E,2,2016,6,Anthony Brown,433,17,1312
6000,757,2,51909,0,114,51687,E,3,2016,6,Frank S. Wiggins,511,22,871
60000,1341,4,51909,1,193,51687,E,4,2016,6,Lily Roberts,770,16,1535
600000,1690,2,51909,0,259,51687,E,5,2016,6,Alex Marriott,1221,18,1949
6000000,509,1,51909,1,144,51687,E,6,2016,6,Alvin Judd Sr.,482,27,654
60000000,897,1,51909,1,277,51687,E,7,2016,6,Kevin M. Rogers,864,33,1175
7B01,831,2,33442,1,105,33430,B,1,2016,7,Debra Walker,421,16,937
7B02,899,1,33442,0,174,33430,B,2,2016,7,Tiffany L. Brown,877,22,1073
7B03,110,1,33442,0,855,33430,B,3,2016,7,WRITE-IN,110,110,965
7B04,1177,1,33442,0,186,33430,B,4,2016,7,Phillip J. Hammond,1123,54,1363
7B05,957,3,33442,0,96,33430,B,5,2016,7,Robin Hammond Marlin,359,8,1053
7B06,1059,2,33442,1,148,33430,B,6,2016,7,Donovan Anderson,631,23,1208
7B07,1152,2,33442,0,154,33430,B,7,2016,7,D.L. Humphrey,588,8,1306
7C01,745,1,33442,0,195,33430,C,1,2016,7,Patricia Malloy,702,43,940
7C02,837,2,33442,0,96,33430,C,2,2016,7,Mary C. Morgan,450,16,933
7C03,849,2,33442,0,72,33430,C,3,2016,7,Catherine A. Woods,513,8,921
7C04,824,2,33442,0,129,33430,C,4,2016,7,Anthony Lorenzo Green,541,8,953
7C05,874,2,33442,0,92,33430,C,5,2016,7,Mary L. Gaffney,533,19,966
7C06,179,1,33442,0,747,33430,C,6,2016,7,WRITE-IN,179,179,926
7C07,808,1,33442,0,162,33430,C,7,2016,7,Antawan Holmes,793,15,970
7D01,985,2,33442,0,83,33430,D,1,2016,7,Bob Coomber,491,16,1068
7D02,855,1,33442,0,223,33430,D,2,2016,7,Siraaj Hasan,824,31,1078
7D03,535,1,33442,1,107,33430,D,3,2016,7,Dorothy Douglas,528,7,643
7D04,1079,2,33442,3,109,33430,D,4,2016,7,Jo-Anne Prue,690,8,1191
7D05,822,1,33442,1,251,33430,D,5,2016,7,Janis D. Hazel,788,34,1074
7D06,794,2,33442,0,112,33430,D,6,2016,7,Sherice A. Muhammad,482,16,906
7D07,763,1,33442,0,219,33430,D,7,2016,7,Justin A. Lini,744,19,982
70,939,2,33442,0,127,33430,E,1,2016,7,Benjamin E. Thomas SR,544,22,1066
700,957,1,33442,1,157,33430,E,2,2016,7,Linda S. Green,922,35,1115
7000,625,1,33442,0,131,33430,E,3,2016,7,Ebbon A. Allen,602,23,756
70000,897,2,33442,2,115,33430,E,4,2016,7,"Takiyah ""T.N."" Tate",472,17,1014
700000,670,1,33442,2,145,33430,E,5,2016,7,Ashley Emerson,635,35,817
7000000,855,3,33442,0,79,33430,E,6,2016,7,Dontrell A. Smith,388,14,934
70000000,786,2,33442,0,95,33430,E,7,2016,7,Linda M. Holmes,412,44,881
7F01,946,4,33442,2,131,33430,F,1,2016,7,Tyrell M. Holcomb,414,5,1079
7F02,864,1,33442,0,250,33430,F,2,2016,7,Terrance Hunter,833,31,1114
7F03,694,2,33442,2,115,33430,F,3,2016,7,Sheila M. Carson Carr,485,10,811
7F04,425,1,33442,1,107,33430,F,4,2016,7,Charlene Exum,415,10,533
7F05,735,1,33442,0,158,33430,F,5,2016,7,Karen Settles,716,19,893
7F06,738,1,33442,1,176,33430,F,6,2016,7,Carol E. Fletcher,710,28,915
7F07,2,1,33442,0,44,33430,F,7,2016,7,WRITE-IN,2,2,46
8A01,978,1,29227,2,191,29214,A,1,2016,8,Holly Muhammad,938,40,1171
8A02,972,1,29227,1,180,29214,A,2,2016,8,Barbara J. Clark,950,22,1153
8A03,138,1,29227,0,874,29214,A,3,2016,8,WRITE-IN,138,138,1012
8A04,535,1,29227,0,107,29214,A,4,2016,8,Troy Donté Prestwood,522,13,642
8A05,839,2,29227,0,137,29214,A,5,2016,8,Travon Hawkins,514,19,976
8A06,943,4,29227,2,110,29214,A,6,2016,8,Greta J. Fuller,342,22,1055
8A07,905,1,29227,0,167,29214,A,7,2016,8,T'Chaka M. Sapp,863,42,1072
8B01,790,2,29227,1,140,29214,B,1,2016,8,Khadijah Watson,507,18,931
8B02,560,1,29227,0,152,29214,B,2,2016,8,Paul Trantham,522,38,712
8B03,854,3,29227,1,105,29214,B,3,2016,8,India Blocker,355,10,960
8B04,683,2,29227,0,72,29214,B,4,2016,8,Mikelle Bassett,350,8,755
8B05,540,1,29227,0,151,29214,B,5,2016,8,Betty Scippio,511,29,691
8B06,608,2,29227,0,126,29214,B,6,2016,8,Mitchell G. Hawkins III,487,22,734
8B07,565,1,29227,0,107,29214,B,7,2016,8,Keeon Bassett,554,11,672
8C01,572,2,29227,1,53,29214,C,1,2016,8,"Karen ""Coach"" Lucas",301,8,626
8C02,619,1,29227,0,125,29214,C,2,2016,8,(Terry) Teresa Stith,590,29,744
8C03,745,2,29227,1,109,29214,C,3,2016,8,Sharece Crawford,427,30,855
8C04,794,2,29227,0,111,29214,C,4,2016,8,David Jones,433,13,905
8C05,400,2,29227,0,72,29214,C,5,2016,8,Brenda E. Shields,260,9,472
8C06,658,2,29227,1,83,29214,C,6,2016,8,Rhonda L. Edwards - Hines,398,13,742
8C07,763,3,29227,0,98,29214,C,7,2016,8,Mary J. Cuthbert,274,8,861
8D01,727,1,29227,2,192,29214,D,1,2016,8,Patricia (Pat) Carmon,697,30,921
8D02,635,1,29227,0,117,29214,D,2,2016,8,Olivia L. Henderson,615,20,752
8D03,502,1,29227,0,154,29214,D,3,2016,8,"Absalom ""Ab"" Jordan",494,8,656
8D04,421,1,29227,2,96,29214,D,4,2016,8,Monique T. Diop,417,4,519
8D05,51,1,29227,0,666,29214,D,5,2016,8,WRITE-IN,51,51,717
8D06,88,1,29227,0,840,29214,D,6,2016,8,WRITE-IN,88,88,928
8D07,515,1,29227,0,98,29214,D,7,2016,8,Theresa H. Jones,494,21,613
80,784,1,29227,2,156,29214,E,1,2016,8,Joseph Johnson,743,41,942
800,721,1,29227,1,165,29214,E,2,2016,8,Anthony Muhammad,682,39,887
8000,580,1,29227,0,132,29214,E,3,2016,8,Monica Watts,565,15,712
80000,890,2,29227,0,123,29214,E,4,2016,8,Kendall L. Simmons,468,22,1013
800000,867,1,29227,0,213,29214,E,5,2016,8,Christopher L. Hawthorne,844,23,1080
8000000,629,1,29227,0,209,29214,E,6,2016,8,Karlene (K.) Armstead,612,17,838
80000000,735,1,29227,0,160,29214,E,7,2016,8,Stephen A. Slaughter,714,21,895
1A01,415,2,30636,1,49,30594,A,1,2018,1,Layla Bonnot,260,10,465
1A02,763,2,30636,0,96,30594,A,2,2018,1,Teresa A. Edmondson,387,8,859
1A03,446,1,30636,0,121,30594,A,3,2018,1,Zach Rybarczyk,437,9,567
1A04,544,1,30636,0,145,30594,A,4,2018,1,Matthew Goldschmidt,515,29,689
1A05,496,1,30636,0,70,30594,A,5,2018,1,Christine Miller,478,18,566
1A06,757,1,30636,0,145,30594,A,6,2018,1,Angelica Castanon,725,32,902
1A07,680,1,30636,0,153,30594,A,7,2018,1,Jen Bundy,652,28,833
1A08,941,1,30636,1,102,30594,A,8,2018,1,Kent C. Boese,914,27,1044
1A09,609,1,30636,0,112,30594,A,9,2018,1,Michael Wray,573,36,721
1A10,747,1,30636,0,101,30594,A,10,2018,1,Rashida Brown,727,20,848
1A11,554,1,30636,0,88,30594,A,11,2018,1,Dotti Love Wade,519,35,642
1A12,59,1,30636,0,531,30594,A,12,2018,1,WRITE-IN,59,59,590
1B01,766,1,30636,0,96,30594,B,1,2018,1,Anita Norman,734,32,862
1B02,926,2,30636,1,283,30594,B,2,2018,1,Dan Orlaskey,558,19,1210
1B03,570,1,30636,0,127,30594,B,3,2018,1,Sedrick Muhammad,540,30,697
1B04,784,1,30636,0,223,30594,B,4,2018,1,Jon D. Squicciarini,749,35,1007
1B05,644,2,30636,1,242,30594,B,5,2018,1,James Cordes,322,25,887
1B06,645,1,30636,0,115,30594,B,6,2018,1,Jen Bristol,625,20,760
1B07,324,1,30636,0,88,30594,B,7,2018,1,Jessica Smith,305,19,412
1B08,595,1,30636,0,143,30594,B,8,2018,1,Joshua R. Mater,581,14,738
1B09,677,1,30636,0,136,30594,B,9,2018,1,James A. Turner,642,35,813
1B10,322,1,30636,0,42,30594,B,10,2018,1,Danny Delaney,298,24,364
1B11,638,1,30636,0,110,30594,B,11,2018,1,Robb Hudson,556,82,748
1B12,868,1,30636,1,176,30594,B,12,2018,1,Dan Winston,847,21,1045
1C01,832,1,30636,0,211,30594,C,1,2018,1,Amir Irani,808,24,1043
1C02,880,2,30636,0,235,30594,C,2,2018,1,Bridget Pooley,502,17,1115
1C03,742,1,30636,1,178,30594,C,3,2018,1,Ted Guthrie,711,31,921
1C04,779,1,30636,1,226,30594,C,4,2018,1,Douglas Ely,747,32,1006
1C05,823,1,30636,0,169,30594,C,5,2018,1,Damiana Dendy,780,43,992
1C06,859,2,30636,1,152,30594,C,6,2018,1,Michaela Wright,726,15,1012
1C07,831,2,30636,0,141,30594,C,7,2018,1,Japer Bowles,485,14,972
1C08,794,1,30636,0,140,30594,C,8,2018,1,Amanda Fox Perry,765,29,934
1D01,792,1,30636,0,181,30594,D,1,2018,1,Jon Stewart,754,38,973
1D02,429,1,30636,0,100,30594,D,2,2018,1,Robin Sandenburgh,416,13,529
1D03,988,2,30636,0,87,30594,D,3,2018,1,Jack McKay,564,7,1075
1D04,565,2,30636,0,212,30594,D,4,2018,1,Yasmin Romero-Latin,389,17,777
1D05,804,2,30636,0,172,30594,D,5,2018,1,Chelsea A. Allinger,443,21,976
2A01,104,1,23060,0,19,23002,A,1,2018,2,Patrick Kennedy,98,6,123
2A02,505,1,23060,0,109,23002,A,2,2018,2,Nicole Goldin,490,15,614
2A03,397,1,23060,0,99,23002,A,3,2018,2,Trupti J. Patel,367,30,496
2A04,570,2,23060,0,19,23002,A,4,2018,2,William K Smith,342,2,589
2A05,229,1,23060,1,43,23002,A,5,2018,2,Philip J. Schrefer,210,19,273
2A06,394,1,23060,0,71,23002,A,6,2018,2,Jeri Epstein,381,13,465
2A07,132,1,23060,0,24,23002,A,7,2018,2,Detrick D Campbell,126,6,156
2A08,21,1,23060,0,88,23002,A,8,2018,2,WRITE-IN,21,21,109
2B01,629,1,23060,0,148,23002,B,1,2018,2,Matthew H Sampson,595,34,777
2B02,539,1,23060,0,95,23002,B,2,2018,2,Daniel Warwick,513,26,634
2B03,569,2,23060,0,186,23002,B,3,2018,2,Lucky Barbieri,283,24,755
2B04,904,2,23060,0,108,23002,B,4,2018,2,Aaron Landry,578,12,1012
2B05,656,1,23060,0,110,23002,B,5,2018,2,Randy D Downs,621,35,766
2B06,598,1,23060,0,117,23002,B,6,2018,2,Mike Silverstein,574,24,715
2B07,728,1,23060,0,143,23002,B,7,2018,2,Kari Cunningham,692,36,871
2B08,809,1,23060,0,138,23002,B,8,2018,2,Beverly Schwartz,759,50,947
2B09,882,1,23060,1,121,23002,B,9,2018,2,Ed Hanlon,557,325,1004
2C01,515,2,23060,0,146,23002,C,1,2018,2,Michael D. Shankle,324,14,661
2C02,520,1,23060,0,116,23002,C,2,2018,2,Jamaal T. Burton,502,18,636
2C03,449,1,23060,0,96,23002,C,3,2018,2,Kevin Wilsey,425,24,545
2D01,466,1,23060,0,95,23002,D,1,2018,2,David R. Bender,441,25,561
2D02,458,2,23060,0,71,23002,D,2,2018,2,Jeff Nestler,257,16,529
20,586,2,23060,0,12,23002,E,1,2018,2,Kishan Putta,397,5,598
200,429,1,23060,0,80,23002,E,2,2018,2,Joe Gibbons,401,28,509
2000,396,1,23060,0,61,23002,E,3,2018,2,Rick Murphy,373,23,457
20000,4,1,23060,0,0,23002,E,4,2018,2,Anna Landre,4,0,4
200000,292,1,23060,0,40,23002,E,5,2018,2,Lisa Palmer,282,10,332
2000000,638,2,23060,0,37,23002,E,6,2018,2,Gwendolyn Lohse,419,4,675
20000000,632,1,23060,0,124,23002,E,7,2018,2,Elizabeth H. Miller,597,35,756
200000000,25,1,23060,0,117,23002,E,8,2018,2,WRITE-IN,25,25,142
2F01,719,1,23060,0,151,23002,F,1,2018,2,Jason Forman,687,32,870
2F02,696,1,23060,0,140,23002,F,2,2018,2,John Guggenmos,674,22,836
2F03,722,1,23060,0,170,23002,F,3,2018,2,Tom Alexander,697,25,892
2F04,730,1,23060,0,148,23002,F,4,2018,2,John Fanning,707,23,878
2F05,592,1,23060,1,163,23002,F,5,2018,2,Ron Rubin,571,21,756
2F06,761,1,23060,1,125,23002,F,6,2018,2,Ian Simon,725,36,887
2F07,488,1,23060,1,117,23002,F,7,2018,2,Kevin J Sylvester,464,24,606
2F08,454,2,23060,0,111,23002,F,8,2018,2,Janice Ferebee,296,10,565
3B01,625,1,32312,0,147,32250,B,1,2018,3,Ann Lane Mladinov,600,25,772
3B02,535,1,32312,0,96,32250,B,2,2018,3,Jackie Blumenthal,514,21,631
3B03,731,1,32312,0,122,32250,B,3,2018,3,Melissa Lane,713,18,853
3B04,901,1,32312,0,199,32250,B,4,2018,3,Mary C. Young,883,18,1100
3B05,631,1,32312,0,107,32250,B,5,2018,3,Brian G. Turmail,609,22,738
3C01,789,2,32312,0,177,32250,C,1,2018,3,Lee Brian Reba,445,18,966
3C02,925,1,32312,0,216,32250,C,2,2018,3,Jason Fink,894,31,1141
3C03,799,1,32312,1,256,32250,C,3,2018,3,Jimmy Dubois,769,30,1056
3C04,704,1,32312,0,156,32250,C,4,2018,3,Beau Finley,687,17,860
3C05,1010,1,32312,0,171,32250,C,5,2018,3,Emma Hersh,964,46,1181
3C06,779,1,32312,0,88,32250,C,6,2018,3,Angela Bradbery,645,134,867
3C07,618,1,32312,0,137,32250,C,7,2018,3,Maureen Kinlan Boucher,593,25,755
3C08,620,2,32312,2,154,32250,C,8,2018,3,Victoria Gersten,474,11,776
3C09,760,1,32312,0,151,32250,C,9,2018,3,Nancy J. MacWood,720,40,911
3D01,677,1,32312,1,162,32250,D,1,2018,3,Chuck Elkins,659,18,840
3D02,359,1,32312,1,67,32250,D,2,2018,3,Troy Kravitz,332,27,427
3D03,484,1,32312,0,213,32250,D,3,2018,3,Paige Ela,454,30,697
3D04,709,1,32312,0,136,32250,D,4,2018,3,Michael Sriqui,659,50,845
3D05,783,2,32312,1,41,32250,D,5,2018,3,Alan Karnofsky,490,6,825
3D06,134,1,32312,0,416,32250,D,6,2018,3,WRITE-IN,134,134,550
3D07,61,1,32312,0,9,32250,D,7,2018,3,Taylor Berlin,61,0,70
3D08,497,1,32312,0,142,32250,D,8,2018,3,Christine Warnke,484,13,639
3D09,567,1,32312,0,160,32250,D,9,2018,3,J.P. Szymkowicz,521,46,727
3D10,31,1,32312,0,174,32250,D,10,2018,3,WRITE-IN,31,31,205
30,778,1,32312,1,232,32250,E,1,2018,3,Greg Ehrhardt,717,61,1011
300,779,2,32312,1,134,32250,E,2,2018,3,Amy B. Hall,440,11,914
3000,778,1,32312,1,136,32250,E,3,2018,3,Jonathan Bender,729,49,915
30000,815,1,32312,0,166,32250,E,4,2018,3,Tom Quinn,775,40,981
300000,585,1,32312,0,119,32250,E,5,2018,3,Jonathan McHugh,552,33,704
3F01,687,1,32312,0,181,32250,F,1,2018,3,David Dickinson,657,30,868
3F02,813,2,32312,1,100,32250,F,2,2018,3,Carolinn A Kuebler,643,6,914
3F03,786,1,32312,0,161,32250,F,3,2018,3,Naomi Rutenberg,762,24,947
3F04,134,1,32312,0,694,32250,F,4,2018,3,WRITE-IN,134,134,828
3F05,666,1,32312,0,185,32250,F,5,2018,3,Andrea Molod,651,15,851
3F06,739,2,32312,0,174,32250,F,6,2018,3,Monika Nemeth,415,14,913
3F07,802,1,32312,0,177,32250,F,7,2018,3,Patrick Jakopchek,773,29,979
3G01,764,1,NA,0,186,NA,G,1,2018,3,Abraham Clayman,725,39,950
3G02,706,1,NA,1,239,NA,G,2,2018,3,Chanda Tuck-Garfield,665,41,946
3G03,853,1,NA,0,168,NA,G,3,2018,3,Randy Speck,822,31,1021
3G04,838,1,NA,0,184,NA,G,4,2018,3,Rebecca Maydak,797,41,1022
3G05,827,2,32312,0,147,32250,G,5,2018,3,Jerry Malitz,449,17,974
3G06,753,1,32312,0,194,32250,G,6,2018,3,Dan Bradfield,726,27,947
3G07,698,1,32312,0,187,32250,G,7,2018,3,Chris Fromboluti,678,20,885
4A01,920,2,31804,0,97,31791,A,1,2018,4,Phyllis Green,542,19,1017
4A02,1092,2,31804,0,58,31791,A,2,2018,4,Stacey Lincoln,613,7,1150
4A03,566,1,31804,0,88,31791,A,3,2018,4,"Stephen A. ""Steve"" Whatley",536,30,654
4A04,729,2,31804,1,70,31791,A,4,2018,4,Patience R. Singleton,463,10,800
4A05,369,1,31804,0,78,31791,A,5,2018,4,Deborah Pope,342,27,447
4A06,307,1,31804,0,78,31791,A,6,2018,4,Candace Tiana Nelson,297,10,385
4A07,154,1,31804,0,510,31791,A,7,2018,4,WRITE-IN,154,154,664
4A08,1021,1,31804,1,131,31791,A,8,2018,4,Gale Black,977,44,1153
4B01,938,2,31804,0,114,31791,B,1,2018,4,Evan Yeats,506,17,1052
4B02,815,2,31804,0,90,31791,B,2,2018,4,Erin Palmer,601,23,905
4B03,812,1,31804,0,128,31791,B,3,2018,4,Scot Knickerbocker,770,42,940
4B04,856,1,31804,0,104,31791,B,4,2018,4,Brenda Parks,819,37,960
4B05,113,1,31804,0,528,31791,B,5,2018,4,WRITE-IN,113,113,641
4B06,814,1,31804,0,157,31791,B,6,2018,4,Natalee S. Snider,642,172,971
4B07,1206,3,31804,0,95,31791,B,7,2018,4,Geoff Bromaghim,528,15,1301
4B08,863,2,31804,0,87,31791,B,8,2018,4,Alison Brooks,657,26,950
4B09,1018,2,31804,1,33,31791,B,9,2018,4,La Roya A. Huff,515,6,1052
4C01,653,2,31804,0,59,31791,C,1,2018,4,Charlotte Nugent,495,16,712
4C02,817,1,31804,0,158,31791,C,2,2018,4,Maria Barry,761,56,975
4C03,684,2,31804,1,134,31791,C,3,2018,4,Ulysses E. Campbell,399,21,819
4C04,160,1,31804,0,397,31791,C,4,2018,4,WRITE-IN,160,160,557
4C05,543,2,31804,0,135,31791,C,5,2018,4,Debbie Matties,344,15,678
4C06,850,1,31804,3,198,31791,C,6,2018,4,Bennett Hilley,801,49,1051
4C07,801,2,31804,0,132,31791,C,7,2018,4,Kim Varzi,651,27,933
4C08,890,1,31804,0,123,31791,C,8,2018,4,WRITE-IN,450,450,1013
4C09,757,2,31804,1,84,31791,C,9,2018,4,Tearsa Coates,472,22,842
4C10,779,1,31804,0,139,31791,C,10,2018,4,Jonah Goodman,700,79,918
4D01,480,1,31804,0,121,31791,D,1,2018,4,Peter Tabor,462,18,601
4D02,751,1,31804,0,72,31791,D,2,2018,4,Renee L. Bowser,733,18,823
4D03,764,1,31804,0,163,31791,D,3,2018,4,Aaron Polkey,734,30,927
4D04,605,1,31804,0,103,31791,D,4,2018,4,Jamie Barden,587,18,708
4D05,545,1,31804,0,109,31791,D,5,2018,4,Krystal Branton,521,24,654
4D06,659,1,31804,0,127,31791,D,6,2018,4,Jonathan Nobil,623,36,786
5A01,933,2,30770,1,98,30761,A,1,2018,5,Frank Wilds,632,19,1032
5A02,855,1,30770,0,95,30761,A,2,2018,5,Grace J. Lewis,782,73,950
5A03,906,2,30770,0,122,30761,A,3,2018,5,Emily Singer Lucio,443,33,1028
5A04,3,1,30770,0,15,30761,A,4,2018,5,WRITE-IN,3,3,18
5A05,323,2,30770,0,40,30761,A,5,2018,5,Ronnie Edwards,167,2,363
5A06,610,1,30770,0,112,30761,A,6,2018,5,A. Jamaal Lampkin,567,43,722
5A07,361,1,30770,1,65,30761,A,7,2018,5,"Sandra ""Sandi"" Washington",348,13,427
5A08,983,1,30770,0,106,30761,A,8,2018,5,Gordon - Andrew Fletcher,934,49,1089
5B01,967,1,30770,0,89,30761,B,1,2018,5,Gayle Carley,927,40,1056
5B02,859,1,30770,1,146,30761,B,2,2018,5,Ursula Higgins,800,59,1006
5B03,910,1,30770,0,177,30761,B,3,2018,5,Henri Makembe,846,64,1087
5B04,883,1,30770,0,158,30761,B,4,2018,5,Ra Amin,843,40,1041
5B05,871,2,30770,0,152,30761,B,5,2018,5,Landon Jones,429,28,1023
5C01,798,3,30770,0,93,30761,C,1,2018,5,Gail A. Brevard,454,25,891
5C02,675,2,30770,0,73,30761,C,2,2018,5,Lauren Rogers,449,15,748
5C03,1064,1,30770,1,134,30761,C,3,2018,5,Robert Looper III,1031,33,1199
5C04,653,1,30770,0,85,30761,C,4,2018,5,Jacqueline Manning,618,35,738
5C05,657,1,30770,0,106,30761,C,5,2018,5,Darlene Oliver,629,28,763
5C06,553,3,30770,0,62,30761,C,6,2018,5,Kirsten Williams,207,7,615
5C07,778,2,30770,0,99,30761,C,7,2018,5,Jeremiah Montague Jr,571,17,877
5D01,519,2,30770,1,58,30761,D,1,2018,5,Ryan Linehan,320,8,578
5D02,623,1,30770,1,95,30761,D,2,2018,5,Keisha L. Shropshire,593,30,719
5D03,601,1,30770,0,115,30761,D,3,2018,5,Steven Motley,558,43,716
5D04,437,1,30770,0,60,30761,D,4,2018,5,Bernice S Blacknell,424,13,497
5D05,426,2,30770,0,48,30761,D,5,2018,5,Sydelle Moore,299,11,474
5D06,867,2,30770,0,173,30761,D,6,2018,5,Jason E. Burkett,423,36,1040
5D07,644,1,30770,0,104,30761,D,7,2018,5,Clarence Lee,619,25,748
50,310,1,30770,0,531,30761,E,1,2018,5,WRITE-IN,310,310,841
500,377,1,30770,0,70,30761,E,2,2018,5,Patricia L. Williams,360,17,447
5000,1243,2,30770,1,238,30761,E,3,2018,5,Cortney Segmen,853,68,1482
50000,940,4,30770,1,83,30761,E,4,2018,5,Sylvia M. Pinkney,496,9,1024
500000,861,2,30770,0,108,30761,E,5,2018,5,Bradley Ashton Thomas,427,11,969
5000000,721,2,30770,0,111,30761,E,6,2018,5,Karla M. Lewis,374,12,832
50000000,831,1,30770,0,168,30761,E,7,2018,5,Bertha G. Holliday,778,53,999
500000000,739,1,30770,0,189,30761,E,8,2018,5,Robert Vinson Brannum,686,53,928
5000000000,740,4,30770,1,88,30761,E,9,2018,5,C. Dianne Barnes,360,13,829
50000000000,853,1,30770,0,112,30761,E,10,2018,5,Nancy Darlene Jones,714,139,965
6A01,874,1,41256,1,147,41223,A,1,2018,6,Marie-Claire Brown,838,36,1022
6A02,845,1,41256,0,133,41223,A,2,2018,6,Phil Toomajian,801,44,978
6A03,974,2,41256,0,141,41223,A,3,2018,6,Mike Soderman,536,20,1115
6A04,985,1,41256,0,145,41223,A,4,2018,6,Amber Gove,948,37,1130
6A05,1007,2,41256,0,135,41223,A,5,2018,6,Ruth Ann Hudson,548,13,1142
6A06,849,2,41256,1,147,41223,A,6,2018,6,Stephanie Zimny,655,24,997
6A07,659,1,41256,0,91,41223,A,7,2018,6,Sondra Phillips-Gilbert,614,45,750
6A08,888,1,41256,1,168,41223,A,8,2018,6,Brian Alcorn,848,40,1057
6B01,661,1,41256,0,131,41223,B,1,2018,6,Jennifer E. Samolyk,625,36,792
6B02,837,1,41256,0,245,41223,B,2,2018,6,Gerald Sroufe,804,33,1082
6B03,908,1,41256,0,165,41223,B,3,2018,6,Brian Ready,866,42,1073
6B04,718,1,41256,0,106,41223,B,4,2018,6,Kirsten Oldenburg,682,36,824
6B05,872,2,41256,0,154,41223,B,5,2018,6,Steve Holtzman,655,17,1026
6B06,921,1,41256,0,184,41223,B,6,2018,6,Corey Holman,891,30,1105
6B07,664,1,41256,0,123,41223,B,7,2018,6,Kelly Waud,639,25,787
6B08,833,1,41256,1,193,41223,B,8,2018,6,Chander Jayaraman,790,43,1027
6B09,1054,1,41256,0,163,41223,B,9,2018,6,Kasie Clark,1006,48,1217
6B10,899,1,41256,0,146,41223,B,10,2018,6,Kathryn Denise Rucker Krepp,857,42,1045
6C01,704,1,41256,0,124,41223,C,1,2018,6,Christine Healey,679,25,828
6C02,364,1,41256,0,87,41223,C,2,2018,6,Karen Wirt,344,20,451
6C03,890,1,41256,0,225,41223,C,3,2018,6,Jay Adelstein,847,43,1115
6C04,960,1,41256,0,214,41223,C,4,2018,6,Mark Eckenwiler,895,65,1174
6C05,1153,2,41256,0,313,41223,C,5,2018,6,Joel Kelty,574,43,1466
6C06,1961,1,41256,0,423,41223,C,6,2018,6,Robb Dooling,1868,93,2384
6D01,1152,1,41256,1,199,41223,D,1,2018,6,Gail Fast,1080,72,1352
6D02,1369,2,41256,0,196,41223,D,2,2018,6,Anna Forgie,1046,46,1565
6D03,639,1,41256,0,142,41223,D,3,2018,6,Ron Collins,594,45,781
6D04,1071,1,NA,1,176,NA,D,4,2018,6,Andy Litsky,1019,52,1248
6D05,1016,2,41256,1,163,41223,D,5,2018,6,Anthony Dale,553,26,1180
6D06,745,1,41256,0,103,41223,D,6,2018,6,Rhonda Natalie Hamilton,705,40,848
6D07,1739,3,41256,1,368,41223,D,7,2018,6,Edward Daniels,847,86,2108
60,1047,2,41256,0,167,41223,E,1,2018,6,"Alexander M. ""Alex"" Padro",631,16,1214
600,881,2,41256,2,171,41223,E,2,2018,6,Michael J. Brown,423,45,1054
6000,541,1,41256,2,80,41223,E,3,2018,6,Frank Wiggins,504,37,623
60000,857,1,41256,0,232,41223,E,4,2018,6,David Jaffe,646,211,1089
600000,1327,1,41256,0,191,41223,E,5,2018,6,Alex Marriott,1263,64,1518
6000000,196,1,41256,0,41,41223,E,6,2018,6,Alvin Judd SR,184,12,237
60000000,691,1,41256,1,128,41223,E,7,2018,6,Kevin M. Rogers,624,67,820
7B01,589,1,23323,0,128,23323,B,1,2018,7,Patricia Howard-Chittams,554,35,717
7B02,663,1,23323,0,83,23323,B,2,2018,7,Tiffany L. Brown,638,25,746
7B03,82,1,23323,0,565,23323,B,3,2018,7,WRITE-IN,82,82,647
7B04,979,2,23323,1,103,23323,B,4,2018,7,Nicole Smith-McDermott,524,34,1083
7B05,708,2,23323,0,38,23323,B,5,2018,7,"Villareal ""VJ"" Johnson",359,9,746
7B06,865,2,23323,1,86,23323,B,6,2018,7,April Pradier,326,220,952
7B07,927,2,23323,1,113,23323,B,7,2018,7,D.L. Humphrey,524,36,1041
7C01,494,2,23323,0,71,23323,C,1,2018,7,Patricia Malloy,297,18,565
7C02,552,2,23323,0,93,23323,C,2,2018,7,Lawrence Bryant Davin,330,21,645
7C03,508,1,23323,0,83,23323,C,3,2018,7,Catherine A. Woods,480,28,591
7C04,669,1,23323,0,97,23323,C,4,2018,7,Anthony Lorenzo Green,635,34,766
7C05,580,1,23323,1,103,23323,C,5,2018,7,Mary L. Gaffney,542,38,684
7C06,93,1,23323,0,487,23323,C,6,2018,7,WRITE-IN,93,93,580
7C07,541,2,23323,0,45,23323,C,7,2018,7,Antawan Holmes,373,7,586
7D01,855,3,23323,1,32,23323,D,1,2018,7,Tamara Blair,483,5,888
7D02,562,1,23323,0,160,23323,D,2,2018,7,Siraaj Hasan,533,29,722
7D03,325,3,23323,0,32,23323,D,3,2018,7,Dorothy Douglas,219,6,357
7D04,886,2,23323,2,27,23323,D,4,2018,7,Cinque E. Culver,499,5,915
7D05,120,1,23323,0,645,23323,D,5,2018,7,WRITE-IN,120,120,765
7D06,105,1,23323,0,512,23323,D,6,2018,7,WRITE-IN,105,105,617
7D07,593,1,23323,0,167,23323,D,7,2018,7,Artilie Wright,572,21,760
70,691,2,23323,0,60,23323,E,1,2018,7,Veda Rasheed,478,14,751
700,725,1,23323,0,103,23323,E,2,2018,7,Linda S. Green,663,62,828
7000,360,1,23323,1,67,23323,E,3,2018,7,Ebbon A. Allen,340,20,428
70000,665,2,23323,2,58,23323,E,4,2018,7,"Takiyah ""T.N."" Tate",452,20,725
700000,405,1,23323,0,100,23323,E,5,2018,7,Victor L. Horton,355,50,505
7000000,494,1,23323,0,108,23323,E,6,2018,7,Delia Houseal,445,49,602
70000000,552,2,23323,2,63,23323,E,7,2018,7,Yolanda Fields,454,51,617
7F01,642,1,23323,0,129,23323,F,1,2018,7,Tyrell M. Holcomb,615,27,771
7F02,694,1,23323,0,181,23323,F,2,2018,7,Terrance Hunter,655,39,875
7F03,378,1,23323,0,75,23323,F,3,2018,7,Sheila Marie Carson Carr,360,18,453
7F04,206,2,23323,0,53,23323,F,4,2018,7,Charlene Exum,107,19,259
7F05,504,2,23323,0,44,23323,F,5,2018,7,Brittany N. Hughes,274,10,548
7F06,457,1,23323,0,105,23323,F,6,2018,7,Carol E. Fletcher,438,19,562
7F07,2,1,23323,0,24,23323,F,7,2018,7,WRITE-IN,2,2,26
8A01,722,2,18539,0,51,18538,A,1,2018,8,Holly Muhammad,526,8,773
8A02,683,1,18539,0,108,18538,A,2,2018,8,Barbara J. Clark,644,39,791
8A03,533,1,18539,1,125,18538,A,3,2018,8,Brian K Thompson,485,48,659
8A04,334,1,18539,0,66,18538,A,4,2018,8,Troy Donte Prestwood,285,49,400
8A05,176,1,18539,0,443,18538,A,5,2018,8,WRITE-IN,176,176,619
8A06,713,2,18539,1,51,18538,A,6,2018,8,Tyon Jones,341,33,765
8A07,603,1,18539,0,100,18538,A,7,2018,8,Hanna Baker,529,74,703
8B01,562,2,18539,0,62,18538,B,1,2018,8,Leonard Lee Watson JR.,375,10,624
8B02,319,1,18539,0,98,18538,B,2,2018,8,Paul Trantham,286,33,417
8B03,496,2,18539,0,75,18538,B,3,2018,8,Charles H. Wilson,312,48,571
8B04,364,1,18539,1,70,18538,B,4,2018,8,Darrell Danny Gaston,235,129,435
8B05,321,1,18539,0,57,18538,B,5,2018,8,Betty Scippio,251,70,378
8B06,373,1,18539,0,107,18538,B,6,2018,8,Humam Abdulmalik,340,33,480
8B07,96,1,18539,0,322,18538,B,7,2018,8,WRITE-IN,96,96,418
8C01,595,1,18539,0,117,18538,C,1,2018,8,Mike Austin,532,63,712
8C02,309,2,18539,0,33,18538,C,2,2018,8,Chyla D. Evans,163,29,342
8C03,155,1,18539,0,383,18538,C,3,2018,8,WRITE-IN,155,155,538
8C04,572,2,18539,0,43,18538,C,4,2018,8,Regina Sharlita Pixley,302,14,615
8C05,217,1,18539,0,65,18538,C,5,2018,8,Mustafa Abdul-Salaam,196,21,282
8C06,286,1,18539,0,61,18538,C,6,2018,8,Rhonda Edwards-Hines,242,44,347
8C07,550,2,18539,0,44,18538,C,7,2018,8,Salim Adofo,283,70,594
8D01,417,1,18539,0,79,18538,D,1,2018,8,"Patricia ""Pat"" Carmon",391,26,496
8D02,363,1,18539,0,62,18538,D,2,2018,8,Olivia L. Henderson,352,11,425
8D03,272,1,18539,0,84,18538,D,3,2018,8,"Absalom ""AB"" Jordan",256,16,356
8D04,253,1,18539,1,41,18538,D,4,2018,8,Monique T. Diop,240,13,295
8D05,337,1,18539,1,96,18538,D,5,2018,8,Ellen Armstead,319,18,434
8D06,552,1,18539,0,121,18538,D,6,2018,8,LaVerne R. Glenn,522,30,673
8D07,395,2,18539,0,35,18538,D,7,2018,8,"Constance ""Connie"" Mobley",288,18,430
80,556,3,18539,0,29,18538,E,1,2018,8,Joseph B. Johnson,217,34,585
800,523,3,18539,1,31,18538,E,2,2018,8,Cheryl Moore,229,11,555
8000,307,1,18539,0,57,18538,E,3,2018,8,Monica Watts,281,26,364
80000,635,2,18539,0,44,18538,E,4,2018,8,Kendall Simmons,326,26,679
800000,566,1,18539,0,126,18538,E,5,2018,8,Christopher L. Hawthorne,525,41,692
8000000,395,1,18539,0,99,18538,E,6,2018,8,Karlene (K.) Armstead,378,17,494
80000000,495,1,18539,0,102,18538,E,7,2018,8,Stephen A Slaughter,455,40,597
